Symbol,CompanyName,Sector,Industry,MarketCapCr,CapCategory
20MICRONS,20 Microns Limited,Basic Materials,Other Industrial Metals & Mining,739.0,Small Cap
21STCENMGM,Twentyfirst Century Management Services Limited,Financial Services,Capital Markets,47.0,Small Cap
360ONE,360 One Wam Limited,Financial Services,Asset Management,48562.0,Mid Cap
3BBLACKBIO,3B Blackbio Dx Limited,Healthcare,Biotechnology,,Unknown
3IINFOLTD,3i Infotech Limited,Technology,Information Technology Services,506.0,Small Cap
3MINDIA,3M India Limited,Industrials,Conglomerates,37738.0,Mid Cap
3PLAND,3P Land Holdings Ltd,Unknown,Unknown,,Unknown
5PAISA,5paisa Capital Limited,Financial Services,Capital Markets,1777.0,Small Cap
63MOONS,63 moons technologies limited,Technology,Software - Application,3612.0,Small Cap
A2ZINFRA,A2Z Infra Engineering Limited,Industrials,Engineering & Construction,286.0,Small Cap
AAATECH,AAA Technologies Limited,Technology,Information Technology Services,119.0,Small Cap
AADHARHFC,,Financial Services,Mortgage Finance,20858.0,Mid Cap
AAKASH,Aakash Exploration Services Limited,Energy,Oil & Gas Equipment & Services,89.0,Small Cap
AARNAV,Aarnav Fashions Limited,,,,Unknown
AARON,Aaron Industries Limited,Industrials,Specialty Industrial Machinery,291.0,Small Cap
AARTIDRUGS,Aarti Drugs Limited,Healthcare,Drug Manufacturers - Specialty & Generic,3814.0,Small Cap
AARTIIND,Aarti Industries Limited,Basic Materials,Specialty Chemicals,19517.0,Mid Cap
AARTIPHARM,Aarti Pharmalabs Limited,Healthcare,Drug Manufacturers - Specialty & Generic,7625.0,Small Cap
AARTISURF,Aarti Surfactants Limited,Basic Materials,Specialty Chemicals,457.0,Small Cap
AARVI,Aarvi Encon Limited,Industrials,Staffing & Employment Services,221.0,Small Cap
AASTHA,Aastha Spintex Limited,Consumer Cyclical,Textile Manufacturing,,Unknown
AAVAS,Aavas Financiers Limited,Financial Services,Mortgage Finance,10419.0,Small Cap
ABB,ABB India Limited,Industrials,Specialty Industrial Machinery,160033.0,Large Cap
ABBOTINDIA,Abbott India Limited,Healthcare,Drug Manufacturers - Specialty & Generic,56151.0,Large Cap
ABCAPITAL,Aditya Birla Capital Limited,Financial Services,Financial Conglomerates,111329.0,Large Cap
ABCOTS,A B Cotspin India Limited,Consumer Cyclical,Textile Manufacturing,448.0,Small Cap
ABDL,Allied Blenders and Distillers Limited,Consumer Defensive,Beverages - Wineries & Distilleries,17753.0,Mid Cap
ABFRL,Aditya Birla Fashion and Retail Limited,Consumer Cyclical,Apparel Manufacturing,6560.0,Small Cap
ABINFRA,A B Infrabuild Limited,Industrials,Engineering & Construction,786.0,Small Cap
ABLBL,Aditya Birla Lifestyle Brands Limited,Consumer Cyclical,Apparel Retail,10340.0,Small Cap
ABMINTLLTD,ABM International Limited,Basic Materials,Specialty Chemicals,52.0,Small Cap
ABMKNO,ABM Knowledgeware Limited,Technology,Software - Application,,Unknown
ABREL,Aditya Birla Real Estate Limited,Real Estate,Real Estate Services,15536.0,Mid Cap
ABSLAMC,Aditya Birla Sun Life AMC Limited,Financial Services,Asset Management,28846.0,Mid Cap
ACC,ACC Limited,Basic Materials,Building Materials,24279.0,Mid Cap
ACCELYA,Accelya Solutions India Limited,Technology,Information Technology Services,1694.0,Small Cap
ACE,Action Construction Equipment Limited,Industrials,Farm & Heavy Construction Machinery,13757.0,Small Cap
ACEINTEG,Ace Integrated Solutions Limited,Industrials,Staffing & Employment Services,18.0,Small Cap
ACI,Archean Chemical Industries Limited,Basic Materials,Chemicals,6135.0,Small Cap
ACL,Andhra Cements Limited,Basic Materials,Building Materials,412.0,Small Cap
ACMESOLAR,,Utilities,Utilities - Renewable,28220.0,Mid Cap
ACSTECH,ACS Technologies Limited,Technology,Information Technology Services,,Unknown
ACUTAAS,Acutaas Chemicals Limited,Basic Materials,Specialty Chemicals,26608.0,Mid Cap
ADANIENSOL,Adani Energy Solutions Limited,Utilities,Utilities - Independent Power Producers,192273.0,Large Cap
ADANIENT,Adani Enterprises Limited,Energy,Thermal Coal,433224.0,Large Cap
ADANIGREEN,Adani Green Energy Limited,Utilities,Utilities - Renewable,217378.0,Large Cap
ADANIPORTS,Adani Ports and Special Economic Zone Limited,Industrials,Marine Shipping,387733.0,Large Cap
ADANIPOWER,Adani Power Limited,Utilities,Utilities - Independent Power Producers,394179.0,Large Cap
ADFFOODS,ADF Foods Limited,Consumer Defensive,Packaged Foods,3022.0,Small Cap
ADL,Archidply Decor Limited,Consumer Cyclical,"Furnishings, Fixtures & Appliances",43.0,Small Cap
ADOR,Ador Welding Limited,Industrials,Specialty Industrial Machinery,2729.0,Small Cap
ADROITINFO,Adroit Infotech Limited,Technology,Information Technology Services,56.0,Small Cap
ADSL,Allied Digital Services Limited,Technology,Information Technology Services,608.0,Small Cap
ADVAIT,Advait Energy Transitions Limited,Industrials,Specialty Industrial Machinery,2254.0,Small Cap
ADVANCE,Advance Agrolife Limited,Basic Materials,Agricultural Inputs,761.0,Small Cap
ADVANIHOTR,Advani Hotels & Resorts (India) Limited,Consumer Cyclical,Lodging,462.0,Small Cap
ADVENTHTL,Advent Hotels International Limited,Consumer Cyclical,Lodging,740.0,Small Cap
ADVENZYMES,Advanced Enzyme Technologies Limited,Basic Materials,Specialty Chemicals,3369.0,Small Cap
AEGISLOG,,Energy,Oil & Gas Refining & Marketing,46483.0,Mid Cap
AEGISVOPAK,,Energy,Oil & Gas Equipment & Services,29678.0,Mid Cap
AEPL,Artemis Electricals and Projects Limited,Industrials,Electrical Equipment & Parts,361.0,Small Cap
AEQUS,Aequs Limited,Industrials,Aerospace & Defense,16573.0,Mid Cap
AEROENTER,Aeroflex Enterprises Limited,Basic Materials,Steel,1592.0,Small Cap
AEROFLEX,Aeroflex Industries Limited,Industrials,Metal Fabrication,6515.0,Small Cap
AERONEU,Aeroflex Neu Limited,Consumer Cyclical,Packaging & Containers,214.0,Small Cap
AEROPLANE,,Consumer Defensive,Farm Products,1847.0,Small Cap
AETHER,Aether Industries Limited,Basic Materials,Specialty Chemicals,21663.0,Mid Cap
AFCONS,Afcons Infrastructure Limited,Industrials,Engineering & Construction,10500.0,Small Cap
AFFLE,Affle 3i Limited,Communication Services,Advertising Agencies,24095.0,Mid Cap
AFIL,Akme Fintrade (India) Limited,Financial Services,Credit Services,416.0,Small Cap
AFSL,Abans Financial Services Limited,Financial Services,Capital Markets,1024.0,Small Cap
AGARIND,Agarwal Industrial Corporation Limited,Basic Materials,Specialty Chemicals,706.0,Small Cap
AGARWALEYE,,Healthcare,Medical Instruments & Supplies,15924.0,Mid Cap
AGI,AGI Greenpac Limited,Consumer Cyclical,Packaging & Containers,4711.0,Small Cap
AGIIL,AGI Infra Limited,Real Estate,Real Estate - Development,3535.0,Small Cap
AGL,Allcargo Global Limited,Industrials,Integrated Freight & Logistics,1381.0,Small Cap
AGROPHOS,Agro Phos (India) Limited,Basic Materials,Agricultural Inputs,54.0,Small Cap
AHCL,Anlon Healthcare Limited,Healthcare,Drug Manufacturers - Specialty & Generic,798.0,Small Cap
AHLADA,Ahlada Engineers Limited,Industrials,Building Products & Equipment,49.0,Small Cap
AHLEAST,Asian Hotels (East) Limited,Consumer Cyclical,Lodging,242.0,Small Cap
AHLUCONT,Ahluwalia Contracts (India) Limited,Industrials,Engineering & Construction,4358.0,Small Cap
AIAENG,AIA Engineering Limited,Industrials,Specialty Industrial Machinery,39647.0,Mid Cap
AIIL,Authum Investment & Infrastructure Limited,Financial Services,Capital Markets,47361.0,Mid Cap
AIRAN,Airan Limited,Technology,Information Technology Services,187.0,Small Cap
AIROLAM,Airo Lam Limited,Consumer Cyclical,"Furnishings, Fixtures & Appliances",134.0,Small Cap
AJANTPHARM,Ajanta Pharma Limited,Healthcare,Drug Manufacturers - Specialty & Generic,44211.0,Mid Cap
AJAXENGG,,Industrials,Farm & Heavy Construction Machinery,6466.0,Small Cap
AJMERA,Ajmera Realty & Infra India Limited,Real Estate,Real Estate - Development,2303.0,Small Cap
AJOONI,Ajooni Biotech Limited,Consumer Defensive,Packaged Foods,63.0,Small Cap
AKASH,Akash Infra-Projects Limited,Industrials,Engineering & Construction,42.0,Small Cap
AKCAPIT,A. K. Capital Services Limited,Financial Services,Capital Markets,,Unknown
AKG,AKG Exim Limited,Industrials,Industrial Distribution,28.0,Small Cap
AKI,AKI India Limited,Consumer Cyclical,Footwear & Accessories,44.0,Small Cap
AKSHAR,Akshar Spintex Limited,Consumer Cyclical,Textile Manufacturing,33.0,Small Cap
AKUMS,Akums Drugs and Pharmaceuticals Limited,Healthcare,Drug Manufacturers - Specialty & Generic,11467.0,Small Cap
ALANKIT,Alankit Limited,Technology,Information Technology Services,220.0,Small Cap
ALBERTDAVD,Albert David Limited,Healthcare,Drug Manufacturers - Specialty & Generic,498.0,Small Cap
ALEMBICLTD,Alembic Limited,Real Estate,Real Estate - Development,2421.0,Small Cap
ALGOQUANT,Algoquant Fintech Limited,Financial Services,Capital Markets,1871.0,Small Cap
ALICON,Alicon Castalloy Limited,Industrials,Metal Fabrication,1142.0,Small Cap
ALIVUS,Alivus Life Sciences Limited,Healthcare,Drug Manufacturers - Specialty & Generic,16451.0,Mid Cap
ALKEM,Alkem Laboratories Limited,Healthcare,Drug Manufacturers - Specialty & Generic,63477.0,Large Cap
ALKYLAMINE,Alkyl Amines Chemicals Limited,Basic Materials,Specialty Chemicals,10429.0,Small Cap
ALLCARGO,Allcargo Logistics Limited,Industrials,Integrated Freight & Logistics,1863.0,Small Cap
ALLDIGI,Alldigi Tech Limited,Industrials,Specialty Business Services,1242.0,Small Cap
ALLTIME,All Time Plastics Limited,Consumer Defensive,Household & Personal Products,1306.0,Small Cap
ALMONDZ,Almondz Global Securities Limited,Financial Services,Capital Markets,264.0,Small Cap
ALOKINDS,Alok Industries Limited,Consumer Cyclical,Textile Manufacturing,5621.0,Small Cap
ALPA,Alpa Laboratories Limited,Healthcare,Drug Manufacturers - Specialty & Generic,132.0,Small Cap
ALPHAGEO,Alphageo (India) Limited,Energy,Oil & Gas Equipment & Services,201.0,Small Cap
ALPINETEX,,Consumer Cyclical,Textile Manufacturing,213.0,Small Cap
AMAGI,Amagi Media Labs Limited,Technology,Software - Application,12636.0,Small Cap
AMBALALSA,Ambalal Sarabhai Enterprises Limited,Healthcare,Drug Manufacturers - Specialty & Generic,352.0,Small Cap
AMBER,Amber Enterprises India Limited,Consumer Cyclical,"Furnishings, Fixtures & Appliances",26109.0,Mid Cap
AMBICAAGAR,Ambica Agarbathies Aroma & Industries Limited,Consumer Defensive,Household & Personal Products,42.0,Small Cap
AMBIKCO,Ambika Cotton Mills Limited,Consumer Cyclical,Textile Manufacturing,941.0,Small Cap
AMBUJACEM,Ambuja Cements Limited,Basic Materials,Building Materials,100946.0,Large Cap
AMDIND,AMD Industries Limited,Consumer Cyclical,Packaging & Containers,102.0,Small Cap
AMJLAND,AMJ Land Holdings Limited,Real Estate,Real Estate - Development,160.0,Small Cap
AMNPLST,Amines & Plasticizers Limited,Basic Materials,Chemicals,1043.0,Small Cap
AMRUTANJAN,Amrutanjan Health Care Limited,Healthcare,Drug Manufacturers - Specialty & Generic,1518.0,Small Cap
ANANDRATHI,Anand Rathi Wealth Limited,Financial Services,Asset Management,35989.0,Mid Cap
ANANTRAJ,Anant Raj Limited,Real Estate,Real Estate - Development,22035.0,Mid Cap
ANDHRAPAP,Andhra Paper Limited,Basic Materials,Paper & Paper Products,1187.0,Small Cap
ANDHRSUGAR,The Andhra Sugars Limited,Basic Materials,Chemicals,1327.0,Small Cap
ANGELONE,Angel One Limited,Financial Services,Capital Markets,26981.0,Mid Cap
ANIKINDS,Anik Industries Limited,Consumer Defensive,Food Distribution,131.0,Small Cap
ANMOL,Anmol India Limited,Energy,Thermal Coal,57.0,Small Cap
ANTELOPUS,,Energy,Oil & Gas E&P,2757.0,Small Cap
ANTGRAPHIC,Antarctica Limited,Consumer Cyclical,Packaging & Containers,11.0,Small Cap
ANTHEM,Anthem Biosciences Limited,Healthcare,Biotechnology,49318.0,Mid Cap
ANUHPHR,Anuh Pharma Limited,Healthcare,Drug Manufacturers - Specialty & Generic,779.0,Small Cap
ANUP,The Anup Engineering Limited,Industrials,Specialty Industrial Machinery,3569.0,Small Cap
ANURAS,Anupam Rasayan India Ltd,Basic Materials,Specialty Chemicals,14254.0,Small Cap
APARINDS,APAR Industries Limited,Industrials,Electrical Equipment & Parts,71049.0,Large Cap
APCL,Anjani Portland Cement Limited,Basic Materials,Building Materials,303.0,Small Cap
APCOTEXIND,Apcotex Industries Limited,Basic Materials,Specialty Chemicals,3201.0,Small Cap
APEX,Apex Frozen Foods Limited,Consumer Defensive,Farm Products,1216.0,Small Cap
APLAPOLLO,APL Apollo Tubes Limited,Basic Materials,Steel,59433.0,Large Cap
APLLTD,Alembic Pharmaceuticals Limited,Healthcare,Drug Manufacturers - Specialty & Generic,15763.0,Mid Cap
APOLLO,Apollo Micro Systems Limited,Industrials,Aerospace & Defense,14392.0,Small Cap
APOLLOHOSP,Apollo Hospitals Enterprise Limited,Healthcare,Medical Care Facilities,125941.0,Large Cap
APOLLOPIPE,Apollo Pipes Limited,Industrials,Building Products & Equipment,2892.0,Small Cap
APOLLOTYRE,Apollo Tyres Limited,Consumer Cyclical,Auto Parts,27862.0,Mid Cap
APOLSINHOT,Apollo Sindoori Hotels Limited,Industrials,Specialty Business Services,312.0,Small Cap
APTUS,Aptus Value Housing Finance India Limited,Financial Services,Mortgage Finance,12608.0,Small Cap
AQYLON,Aqylon Nexus Limited,Communication Services,Broadcasting,639.0,Small Cap
ARCHIDPLY,Archidply Industries Limited,Basic Materials,Lumber & Wood Production,230.0,Small Cap
ARCHIES,Archies Limited,Consumer Cyclical,Specialty Retail,46.0,Small Cap
ARE&M,Amara Raja Energy & Mobility Limited,Industrials,Electrical Equipment & Parts,16857.0,Mid Cap
ARENTERP,Rajdarshan Industries Limited,Basic Materials,Other Industrial Metals & Mining,12.0,Small Cap
ARFIN,Arfin India Limited,Basic Materials,Aluminum,1425.0,Small Cap
ARIES,Aries Agro Limited,Basic Materials,Agricultural Inputs,585.0,Small Cap
ARIHANT,Arihant Foundations & Housing Limited,Real Estate,Real Estate - Development,1064.0,Small Cap
ARIHANTCAP,Arihant Capital Markets Limited,Financial Services,Capital Markets,854.0,Small Cap
ARIHANTSUP,Arihant Superstructures Limited,Real Estate,Real Estate - Development,1090.0,Small Cap
ARIS,Arisinfra Solutions Limited,Industrials,Engineering & Construction,1164.0,Small Cap
ARKADE,Arkade Developers Limited,Real Estate,Real Estate - Development,2373.0,Small Cap
ARMANFIN,Arman Financial Services Limited,Financial Services,Credit Services,2014.0,Small Cap
AROGRANITE,Aro Granite Industries Limited,Industrials,Building Products & Equipment,38.0,Small Cap
ARSSBL,Anand Rathi Share and Stock Brokers Limited,Financial Services,Financial Conglomerates,3385.0,Small Cap
ARTEMISMED,Artemis Medicare Services Limited,,,,Unknown
ARTNIRMAN,Art Nirman Limited,Real Estate,Real Estate - Development,105.0,Small Cap
ARVEE,Arvee Laboratories (India) Ltd.,Basic Materials,Specialty Chemicals,183.0,Small Cap
ARVIND,Arvind Limited,Consumer Cyclical,Textile Manufacturing,14140.0,Small Cap
ARVINDFASN,Arvind Fashions Limited,Consumer Cyclical,Apparel Retail,5852.0,Small Cap
ARVSMART,Arvind SmartSpaces Limited,Real Estate,Real Estate - Development,3126.0,Small Cap
ASAHIINDIA,Asahi India Glass Limited,Consumer Cyclical,Auto Parts,24256.0,Mid Cap
ASAL,Automotive Stampings and Assemblies Limited,Consumer Cyclical,Auto Parts,781.0,Small Cap
ASALCBR,Associated Alcohols & Breweries Limited,Consumer Defensive,Beverages - Wineries & Distilleries,1455.0,Small Cap
ASHAPURMIN,Ashapura Minechem Limited,Basic Materials,Other Industrial Metals & Mining,5464.0,Small Cap
ASHIANA,Ashiana Housing Limited,Real Estate,Real Estate - Development,3655.0,Small Cap
ASHIKAG,Ashika Global Securities Limited,Financial Services,Credit Services,,Unknown
ASHIMASYN,Ashima Limited,Real Estate,Real Estate - Development,353.0,Small Cap
ASHOKA,Ashoka Buildcon Limited,Industrials,Engineering & Construction,3175.0,Small Cap
ASHOKAMET,Ashoka Metcast Limited,Basic Materials,Steel,35.0,Small Cap
ASHOKLEY,Ashok Leyland Limited,Industrials,Farm & Heavy Construction Machinery,101183.0,Large Cap
ASIANENE,Asian Energy Services Limited,Energy,Oil & Gas Equipment & Services,2195.0,Small Cap
ASIANHOTNR,Asian Hotels (North) Limited,Consumer Cyclical,Lodging,1273.0,Small Cap
ASIANPAINT,Asian Paints Limited,Basic Materials,Specialty Chemicals,250398.0,Large Cap
ASIANTILES,Asian Granito India Limited,Industrials,Building Products & Equipment,1371.0,Small Cap
ASKAUTOLTD,,Consumer Cyclical,Auto Parts,11850.0,Small Cap
ASPINWALL,Aspinwall and Company Limited,Consumer Defensive,Farm Products,206.0,Small Cap
ASTAR,Asian Star Company Limited,,,,Unknown
ASTEC,Astec LifeSciences Limited,Basic Materials,Agricultural Inputs,1337.0,Small Cap
ASTERDM,Aster DM Quality Care Limited,Healthcare,Medical Care Facilities,66417.0,Large Cap
ASTRAL,Astral Limited,Industrials,Building Products & Equipment,41050.0,Mid Cap
ASTRAMICRO,Astra Microwave Products Limited,Technology,Communication Equipment,16234.0,Mid Cap
ASTRAZEN,AstraZeneca Pharma India Limited,Healthcare,Drug Manufacturers - Specialty & Generic,17861.0,Mid Cap
ATALREAL,Atal Realtech Limited,Industrials,Engineering & Construction,422.0,Small Cap
ATAM,Atam Valves Limited,Industrials,Specialty Industrial Machinery,63.0,Small Cap
ATGL,Adani Total Gas Limited,Utilities,Utilities - Regulated Gas,70008.0,Large Cap
ATHERENERG,Ather Energy Limited,Consumer Cyclical,Auto Manufacturers,57902.0,Large Cap
ATL,Allcargo Terminals Limited,Industrials,Integrated Freight & Logistics,797.0,Small Cap
ATLANTAA,Atlantaa Limited,Industrials,Infrastructure Operations,308.0,Small Cap
ATLANTAELE,,Industrials,Electrical Equipment & Parts,13318.0,Small Cap
ATLASCYCLE,Atlas Cycles (Haryana) Limited,Consumer Cyclical,Leisure,63.0,Small Cap
ATUL,Atul Ltd,Basic Materials,Specialty Chemicals,19097.0,Mid Cap
ATULAUTO,Atul Auto Limited,Consumer Cyclical,Auto Manufacturers,1340.0,Small Cap
AUBANK,AU Small Finance Bank Limited,Financial Services,Banks - Regional,84937.0,Large Cap
AURIONPRO,Aurionpro Solutions Limited,Technology,Software - Application,3856.0,Small Cap
AUROPHARMA,Aurobindo Pharma Limited,Healthcare,Drug Manufacturers - Specialty & Generic,92676.0,Large Cap
AURUM,Aurum PropTech Limited,Real Estate,Real Estate Services,1790.0,Small Cap
AURUS,Aurus Gem Corporation Limited,Consumer Cyclical,Luxury Goods,13.0,Small Cap
AUTOAXLES,Automotive Axles Limited,Consumer Cyclical,Auto Parts,2592.0,Small Cap
AVADHSUGAR,Avadh Sugar & Energy Limited,Consumer Defensive,Confectioners,1611.0,Small Cap
AVALON,Avalon Technologies Limited,Technology,Electronic Components,13914.0,Small Cap
AVANTEL,Avantel Limited,Technology,Communication Equipment,4195.0,Small Cap
AVANTIFEED,Avanti Feeds Limited,Consumer Defensive,Packaged Foods,11522.0,Small Cap
AVL,Aditya Vision Limited,Consumer Cyclical,Specialty Retail,7428.0,Small Cap
AVONMORE,Avonmore Capital & Management Services Limited,Financial Services,Capital Markets,383.0,Small Cap
AVROIND,Avro India Limited,Consumer Cyclical,"Furnishings, Fixtures & Appliances",12.0,Small Cap
AVTNPL,AVT Natural Products Limited,Basic Materials,Specialty Chemicals,1322.0,Small Cap
AWFIS,Awfis Space Solutions Limited,Industrials,Rental & Leasing Services,1945.0,Small Cap
AWHCL,Antony Waste Handling Cell Limited,Industrials,Waste Management,1078.0,Small Cap
AWL,AWL Agri Business Limited,Consumer Defensive,Packaged Foods,26243.0,Mid Cap
AXISBANK,Axis Bank Limited,Financial Services,Banks - Regional,383230.0,Large Cap
AXISCADES,AXISCADES Technologies Limited,Industrials,Engineering & Construction,6839.0,Small Cap
AXITA,Axita Cotton Limited,Consumer Cyclical,Textile Manufacturing,315.0,Small Cap
AYE,Aye Finance Limited,Financial Services,Credit Services,4239.0,Small Cap
AYMSYNTEX,AYM Syntex Limited,Consumer Cyclical,Textile Manufacturing,1510.0,Small Cap
AZAD,Azad Engineering Limited,Industrials,Specialty Industrial Machinery,18129.0,Mid Cap
BAGFILMS,B.A.G. Films and Media Limited,Communication Services,Broadcasting,95.0,Small Cap
BAIDFIN,Baid Finserv Limited,Financial Services,Credit Services,151.0,Small Cap
BAJAJ-AUTO,Bajaj Auto Limited,Consumer Cyclical,Auto Manufacturers,323252.0,Large Cap
BAJAJCON,Bajaj Consumer Care Limited,Consumer Defensive,Household & Personal Products,5981.0,Small Cap
BAJAJELEC,Bajaj Electricals Limited,Consumer Cyclical,"Furnishings, Fixtures & Appliances",3856.0,Small Cap
BAJAJFINSV,Bajaj Finserv Ltd.,Financial Services,Financial Conglomerates,319601.0,Large Cap
BAJAJHCARE,Bajaj HealthCare Limited,Healthcare,Drug Manufacturers - Specialty & Generic,1077.0,Small Cap
BAJAJHFL,,Financial Services,Mortgage Finance,69844.0,Large Cap
BAJAJHIND,Bajaj Hindusthan Sugar Limited,Consumer Defensive,Confectioners,5361.0,Small Cap
BAJAJHLDNG,Bajaj Holdings & Investment Limited,Financial Services,Asset Management,124482.0,Large Cap
BAJAJINDEF,,Industrials,Farm & Heavy Construction Machinery,720.0,Small Cap
BAJAJST,Bajaj Steel Industries Limited,Industrials,Specialty Industrial Machinery,,Unknown
BAJEL,Bajel Projects Limited,Utilities,Utilities - Regulated Electric,2178.0,Small Cap
BAJFINANCE,Bajaj Finance Limited,Financial Services,Credit Services,670988.0,Large Cap
BALAJEE,Shree Tirupati Balajee Agro Trading Company Limited,Consumer Cyclical,Packaging & Containers,215.0,Small Cap
BALAJITELE,Balaji Telefilms Limited,Communication Services,Entertainment,1168.0,Small Cap
BALAMINES,Balaji Amines Limited,Basic Materials,Specialty Chemicals,7282.0,Small Cap
BALAXI,Balaxi Pharmaceuticals Limited,Healthcare,Drug Manufacturers - Specialty & Generic,124.0,Small Cap
BALKRISHNA,Balkrishna Paper Mills Limited,Consumer Cyclical,Packaging & Containers,56.0,Small Cap
BALKRISIND,Balkrishna Industries Limited,Consumer Cyclical,Auto Parts,45451.0,Mid Cap
BALMLAWRIE,Balmer Lawrie & Co. Ltd.,Industrials,Conglomerates,2996.0,Small Cap
BALPHARMA,Bal Pharma Limited,Healthcare,Drug Manufacturers - Specialty & Generic,137.0,Small Cap
BALRAMCHIN,Balrampur Chini Mills Limited,Consumer Defensive,Confectioners,14153.0,Small Cap
BALUFORGE,Balu Forge Industries Limited,Industrials,Metal Fabrication,7068.0,Small Cap
BANARBEADS,Banaras Beads Limited,Consumer Cyclical,Footwear & Accessories,73.0,Small Cap
BANARISUG,Bannari Amman Sugars Limited,Consumer Defensive,Confectioners,4898.0,Small Cap
BANCOINDIA,Banco Products (India) Limited,Consumer Cyclical,Auto Parts,8802.0,Small Cap
BANDHANBNK,Bandhan Bank Limited,Financial Services,Banks - Regional,27840.0,Mid Cap
BANG,Bang Overseas Limited,Consumer Cyclical,Apparel Manufacturing,48.0,Small Cap
BANKA,Banka BioLoo Limited,Industrials,Pollution & Treatment Controls,86.0,Small Cap
BANKBARODA,Bank of Baroda Limited,Financial Services,Banks - Regional,124345.0,Large Cap
BANKINDIA,Bank of India Limited,Financial Services,Banks - Regional,64916.0,Large Cap
BANSALWIRE,,Basic Materials,Steel,4985.0,Small Cap
BANSWRAS,Banswara Syntex Limited,Consumer Cyclical,Textile Manufacturing,409.0,Small Cap
BASF,BASF India Limited,Basic Materials,Specialty Chemicals,16760.0,Mid Cap
BATAINDIA,Bata India Limited,Consumer Cyclical,Footwear & Accessories,8769.0,Small Cap
BATLIBOI,Batliboi Limited,Industrials,Specialty Industrial Machinery,408.0,Small Cap
BAYERCROP,Bayer CropScience Limited,Basic Materials,Agricultural Inputs,18359.0,Mid Cap
BBL,Bharat Bijlee Limited,Industrials,Electrical Equipment & Parts,2646.0,Small Cap
BBOX,Black Box Limited,Technology,Software - Application,13235.0,Small Cap
BBTC,The Bombay Burmah Trading Corporation Limited,Consumer Defensive,Packaged Foods,9929.0,Small Cap
BBTCL,B&B Triplewall Containers Limited,Consumer Cyclical,Packaging & Containers,492.0,Small Cap
BCG,Brightcom Group Limited,Communication Services,Advertising Agencies,1833.0,Small Cap
BCLIND,BCL Industries Limited,Consumer Defensive,Beverages - Wineries & Distilleries,1111.0,Small Cap
BCONCEPTS,Brand Concepts Limited,Consumer Cyclical,Footwear & Accessories,198.0,Small Cap
BCPL,BCPL Railway Infrastructure Limited,Industrials,Infrastructure Operations,115.0,Small Cap
BDL,Bharat Dynamics Limited,Industrials,Aerospace & Defense,50461.0,Large Cap
BEARDSELL,Beardsell Limited,Industrials,Building Products & Equipment,105.0,Small Cap
BECTORFOOD,Mrs. Bectors Food Specialities Limited,Consumer Defensive,Packaged Foods,7759.0,Small Cap
BEDMUTHA,Bedmutha Industries Limited,Basic Materials,Steel,348.0,Small Cap
BEEKAY,Beekay Steel Industries Limited,Basic Materials,Steel,,Unknown
BEL,Bharat Electronics Limited,Industrials,Aerospace & Defense,299555.0,Large Cap
BELLACASA,Bella Casa Fashion & Retail Limited,Consumer Cyclical,Textile Manufacturing,296.0,Small Cap
BELRISE,Belrise Industries Limited,Consumer Cyclical,Auto Parts,22023.0,Mid Cap
BEML,BEML Limited,Industrials,Conglomerates,16048.0,Mid Cap
BENGALASM,Bengal & Assam Company Limited,Consumer Cyclical,Auto Parts,,Unknown
BEPL,Bhansali Engineering Polymers Limited,Basic Materials,Chemicals,3214.0,Small Cap
BERGEPAINT,Berger Paints India Limited,Basic Materials,Specialty Chemicals,59466.0,Large Cap
BESTAGRO,Best Agrolife Limited,Basic Materials,Agricultural Inputs,626.0,Small Cap
BETA,Beta Drugs Limited,Healthcare,Drug Manufacturers - Specialty & Generic,2282.0,Small Cap
BFINVEST,BF Investment Limited,Financial Services,Asset Management,1681.0,Small Cap
BFUTILITIE,BF Utilities Limited,Industrials,Infrastructure Operations,1947.0,Small Cap
BHAGCHEM,Bhagiradha Chemicals & Industries Limited,Basic Materials,Agricultural Inputs,3633.0,Small Cap
BHARATCOAL,,Basic Materials,Coking Coal,,Unknown
BHARATFORG,Bharat Forge Limited,Consumer Cyclical,Auto Parts,97415.0,Large Cap
BHARATRAS,Bharat Rasayan Limited,Basic Materials,Agricultural Inputs,2119.0,Small Cap
BHARATSE,Bharat Seats Limited,Consumer Cyclical,Auto Parts,1399.0,Small Cap
BHARATWIRE,Bharat Wire Ropes Limited,Basic Materials,Steel,1285.0,Small Cap
BHARTIARTL,Bharti Airtel Limited,Communication Services,Telecom Services,1205808.0,Large Cap
BHARTIHEXA,,Communication Services,Telecom Services,79965.0,Large Cap
BHEL,Bharat Heavy Electricals Limited,Industrials,Specialty Industrial Machinery,143531.0,Large Cap
BI,Bilcare Limited,Consumer Cyclical,Packaging & Containers,,Unknown
BIGBLOC,Bigbloc Construction Limited,Industrials,Building Products & Equipment,616.0,Small Cap
BIKAJI,Bikaji Foods International Limited,Consumer Defensive,Packaged Foods,15081.0,Mid Cap
BIL,Bhartiya International Ltd.,Consumer Cyclical,Footwear & Accessories,1126.0,Small Cap
BIMETAL,Bimetal Bearings Limited,Consumer Cyclical,Auto Parts,239.0,Small Cap
BIOCON,Biocon Limited,Healthcare,Biotechnology,67517.0,Large Cap
BIOFILCHEM,Biofil Chemicals and Pharmaceuticals Limited,Healthcare,Drug Manufacturers - Specialty & Generic,53.0,Small Cap
BIRLACORPN,Birla Corporation Limited,Basic Materials,Building Materials,6765.0,Small Cap
BIRLAMONEY,Aditya Birla Money Limited,Financial Services,Capital Markets,715.0,Small Cap
BIRLANU,BirlaNu Limited,Industrials,Building Products & Equipment,1153.0,Small Cap
BIRLAPREC,Birla Precision Technologies Limited,Industrials,Tools & Accessories,303.0,Small Cap
BLACKBUCK,BlackBuck Limited,Technology,Software - Application,10912.0,Small Cap
BLAL,BEML Land Assets Limited,Financial Services,Shell Companies,700.0,Small Cap
BLBLIMITED,BLB Limited,Financial Services,Capital Markets,84.0,Small Cap
BLIL,Balmer Lawrie Investments Limited,Industrials,Conglomerates,1596.0,Small Cap
BLKASHYAP,B.L. Kashyap and Sons Limited,Industrials,Engineering & Construction,1182.0,Small Cap
BLS,BLS International Services Limited,Industrials,Specialty Business Services,10036.0,Small Cap
BLSE,BLS E-Services Limited,Industrials,Specialty Business Services,2852.0,Small Cap
BLUECHIP,Blue Chip India Limited,Financial Services,Capital Markets,11.0,Small Cap
BLUEDART,Blue Dart Express Limited,Industrials,Integrated Freight & Logistics,11841.0,Small Cap
BLUEJET,Blue Jet Healthcare Limited,Healthcare,Biotechnology,10260.0,Small Cap
BLUESTARCO,Blue Star Limited,Industrials,Building Products & Equipment,30880.0,Mid Cap
BLUESTONE,,Consumer Cyclical,Luxury Goods,12333.0,Small Cap
BLUSPRING,Bluspring Enterprises Limited,Industrials,Specialty Business Services,1928.0,Small Cap
BMWVENTLTD,,Basic Materials,Steel,506.0,Small Cap
BOHRAIND,Bohra Industries Limited,Basic Materials,Agricultural Inputs,15.0,Small Cap
BOMDYEING,The Bombay Dyeing and Manufacturing Company Limited,Consumer Cyclical,Textile Manufacturing,2260.0,Small Cap
BONLON,Bonlon Industries Limited,Basic Materials,Other Industrial Metals & Mining,66.0,Small Cap
BORANA,Borana Weaves Limited,Consumer Cyclical,Textile Manufacturing,823.0,Small Cap
BOROLTD,Borosil Limited,Consumer Cyclical,"Furnishings, Fixtures & Appliances",3218.0,Small Cap
BORORENEW,Borosil Renewables Limited,Technology,Solar,7757.0,Small Cap
BOROSCI,Borosil Scientific Limited,Consumer Cyclical,Packaging & Containers,1124.0,Small Cap
BOSCH-HCIL,Bosch Home Comfort India Limited,Consumer Cyclical,"Furnishings, Fixtures & Appliances",4533.0,Small Cap
BOSCHLTD,Bosch Limited,Consumer Cyclical,Auto Parts,141478.0,Large Cap
BPCL,Bharat Petroleum Corporation Limited,Energy,Oil & Gas Refining & Marketing,134608.0,Large Cap
BPL,BPL Limited,Technology,Consumer Electronics,244.0,Small Cap
BRIGADE,Brigade Enterprises Limited,Real Estate,Real Estate - Development,21711.0,Mid Cap
BRIGHOTEL,,Consumer Cyclical,Lodging,2279.0,Small Cap
BRITANNIA,Britannia Industries Limited,Consumer Defensive,Packaged Foods,128816.0,Large Cap
BRNL,Bharat Road Network Limited,Industrials,Infrastructure Operations,144.0,Small Cap
BSE,BSE Limited,Financial Services,Financial Data & Stock Exchanges,134063.0,Large Cap
BSL,BSL Limited,Consumer Cyclical,Textile Manufacturing,125.0,Small Cap
BSOFT,Birlasoft Limited,Technology,Information Technology Services,8146.0,Small Cap
BTML,Bodhi Tree Multimedia Limited,Communication Services,Entertainment,163.0,Small Cap
BUILDPRO,Shankara Buildpro Limited,Consumer Cyclical,Home Improvement Retail,2977.0,Small Cap
BUTTERFLY,Butterfly Gandhimathi Appliances Limited,Consumer Cyclical,"Furnishings, Fixtures & Appliances",1142.0,Small Cap
BVCL,Barak Valley Cements Limited,Basic Materials,Building Materials,96.0,Small Cap
CAMLINFINE,Camlin Fine Sciences Limited,Basic Materials,Specialty Chemicals,2033.0,Small Cap
CAMPUS,Campus Activewear Limited,Consumer Cyclical,Footwear & Accessories,6918.0,Small Cap
CAMS,Computer Age Management Services Limited,Technology,Information Technology Services,18445.0,Mid Cap
CANBK,Canara Bank,Financial Services,Banks - Regional,115578.0,Large Cap
CANFINHOME,Can Fin Homes Limited,Financial Services,Mortgage Finance,10713.0,Small Cap
CANHLIFE,,Financial Services,Insurance - Life,14544.0,Small Cap
CANTABIL,Cantabil Retail India Limited,Consumer Cyclical,Apparel Manufacturing,2050.0,Small Cap
CAPACITE,Capacit'e Infraprojects Limited,Industrials,Engineering & Construction,1864.0,Small Cap
CAPILLARY,,Technology,Software - Infrastructure,4021.0,Small Cap
CAPITALSFB,Capital Small Finance Bank Limited,Financial Services,Banks - Regional,1306.0,Small Cap
CAPLIPOINT,Caplin Point Laboratories Limited,Healthcare,Drug Manufacturers - Specialty & Generic,18781.0,Mid Cap
CARBORUNIV,Carborundum Universal Limited,Industrials,Conglomerates,20996.0,Mid Cap
CARERATING,CARE Ratings Limited,Financial Services,Financial Data & Stock Exchanges,4877.0,Small Cap
CARRARO,Carraro India Limited,Consumer Cyclical,Auto Parts,3008.0,Small Cap
CARTRADE,CarTrade Tech Limited,Consumer Cyclical,Auto & Truck Dealerships,15280.0,Mid Cap
CARYSIL,Carysil Limited,Consumer Cyclical,"Furnishings, Fixtures & Appliances",3266.0,Small Cap
CASTROLIND,Castrol India Limited,Energy,Oil & Gas Refining & Marketing,18478.0,Mid Cap
CCAVENUE,AvenuesAI Limited,Technology,Software - Infrastructure,5249.0,Small Cap
CCCL,Consolidated Construction Consortium Limited,Industrials,Engineering & Construction,675.0,Small Cap
CCHHL,Country Club Hospitality & Holidays Limited,Consumer Cyclical,Lodging,211.0,Small Cap
CCL,CCL Products (India) Limited,Consumer Defensive,Packaged Foods,14714.0,Small Cap
CDSL,Central Depository Services (India) Limited,Financial Services,Capital Markets,28871.0,Mid Cap
CEATLTD,CEAT Limited,Consumer Cyclical,Auto Parts,14208.0,Small Cap
CEIGALL,Ceigall India Limited,Industrials,Engineering & Construction,5627.0,Small Cap
CEINSYS,Ceinsys Tech Limited,Industrials,Engineering & Construction,1503.0,Small Cap
CELEBRITY,Celebrity Fashions Limited,Consumer Cyclical,Apparel Manufacturing,43.0,Small Cap
CELLO,Cello World Limited,Consumer Cyclical,"Furnishings, Fixtures & Appliances",7897.0,Small Cap
CEMPRO,Cemindia Projects Limited,Industrials,Engineering & Construction,22037.0,Mid Cap
CENTENKA,Century Enka Limited,Consumer Cyclical,Textile Manufacturing,1203.0,Small Cap
CENTEXT,Century Extrusions Limited,Basic Materials,Aluminum,177.0,Small Cap
CENTRALBK,Central Bank of India,Financial Services,Banks - Regional,27878.0,Mid Cap
CENTRUM,Centrum Capital Limited,Financial Services,Financial Conglomerates,1110.0,Small Cap
CENTUM,Centum Electronics Limited,Technology,Electronic Components,4830.0,Small Cap
CENTURYPLY,Century Plyboards (India) Limited,Basic Materials,Lumber & Wood Production,16449.0,Mid Cap
CERA,Cera Sanitaryware Limited,Industrials,Building Products & Equipment,7539.0,Small Cap
CESC,CESC Limited,Utilities,Utilities - Regulated Electric,20271.0,Mid Cap
CEWATER,Concord Enviro Systems Limited,Utilities,Utilities - Regulated Water,525.0,Small Cap
CGCL,Capri Global Capital Limited,Financial Services,Credit Services,22887.0,Mid Cap
CGPOWER,CG Power and Industrial Solutions Limited,Industrials,Electrical Equipment & Parts,137805.0,Large Cap
CHALET,Chalet Hotels Limited,Consumer Cyclical,Lodging,19619.0,Mid Cap
CHAMBLFERT,Chambal Fertilisers and Chemicals Limited,Basic Materials,Agricultural Inputs,17196.0,Mid Cap
CHEMPLASTS,Chemplast Sanmar Limited,Basic Materials,Chemicals,2818.0,Small Cap
CHENNPETRO,Chennai Petroleum Corporation Limited,Energy,Oil & Gas Refining & Marketing,20742.0,Mid Cap
CHEVIOT,Cheviot Company Limited,Consumer Cyclical,Textile Manufacturing,674.0,Small Cap
CHOICEIN,Choice International Limited,Financial Services,Capital Markets,17673.0,Mid Cap
CHOLAFIN,Cholamandalam Investment and Finance Company Limited,Financial Services,Credit Services,156695.0,Large Cap
CHOLAHLDNG,Cholamandalam Financial Holdings Limited,Financial Services,Credit Services,28976.0,Mid Cap
CIEINDIA,CIE Automotive India Limited,Consumer Cyclical,Auto Parts,14989.0,Small Cap
CIFL,Capital India Finance Limited,Financial Services,Credit Services,809.0,Small Cap
CINELINE,Cineline India Limited,Communication Services,Entertainment,348.0,Small Cap
CINEVISTA,Cinevista Limited,Communication Services,Entertainment,81.0,Small Cap
CIPLA,Cipla Limited,Healthcare,Drug Manufacturers - Specialty & Generic,114554.0,Large Cap
CLEAN,Clean Science and Technology Limited,Basic Materials,Specialty Chemicals,8717.0,Small Cap
CLEANMAX,,Utilities,Utilities - Renewable,14777.0,Small Cap
CLSEL,Chaman Lal Setia Exports Ltd.,Consumer Defensive,Packaged Foods,1570.0,Small Cap
CMLL,Caliber Mining and Logistics Limited,Energy,Thermal Coal,3396.0,Small Cap
CMPDI,Central Mine Planning & Design Institute Limited,Basic Materials,Other Industrial Metals & Mining,,Unknown
CMRGREEN,,Basic Materials,Aluminum,,Unknown
CMSINFO,CMS Info Systems Limited,Industrials,Specialty Business Services,3903.0,Small Cap
CNL,Creative Newtech Limited,Technology,Electronics & Computer Distribution,1798.0,Small Cap
COALINDIA,Coal India Limited,Energy,Thermal Coal,247434.0,Large Cap
COASTCORP,Coastal Corporation Limited,Consumer Defensive,Packaged Foods,273.0,Small Cap
COCHINSHIP,Cochin Shipyard Limited,Industrials,Aerospace & Defense,39978.0,Mid Cap
COCKERILL,John Cockerill India Limited,Industrials,Metal Fabrication,,Unknown
COFORGE,Coforge Limited,Technology,Information Technology Services,83163.0,Large Cap
COHANCE,Cohance Lifesciences Limited,Healthcare,Drug Manufacturers - Specialty & Generic,16949.0,Mid Cap
COLPAL,Colgate-Palmolive (India) Limited,Consumer Defensive,Household & Personal Products,50695.0,Large Cap
COMFINTE,Comfort Intech Limited,Industrials,Conglomerates,195.0,Small Cap
COMPUSOFT,Compucom Software Limited,Consumer Defensive,Education & Training Services,104.0,Small Cap
COMSYN,Commercial Syn Bags Limited,Consumer Cyclical,Packaging & Containers,1162.0,Small Cap
CONCOR,Container Corporation of India Limited,Industrials,Railroads,39048.0,Mid Cap
CONCORDBIO,Concord Biotech Limited,Healthcare,Biotechnology,16111.0,Mid Cap
CONFIPET,Confidence Petroleum India Limited,Energy,Oil & Gas Refining & Marketing,2553.0,Small Cap
CONTROLPR,Control Print Limited,Industrials,Business Equipment & Supplies,967.0,Small Cap
CORALFINAC,Coral India Finance and Housing Limited,Real Estate,Real Estate Services,136.0,Small Cap
CORDELIA,,Industrials,Marine Shipping,7565.0,Small Cap
COROMANDEL,Coromandel International Limited,Basic Materials,Agricultural Inputs,56457.0,Large Cap
CORONA,CORONA Remedies Limited,Healthcare,Drug Manufacturers - General,,Unknown
COSMOFIRST,Cosmo First Limited,Consumer Cyclical,Packaging & Containers,2392.0,Small Cap
COUNCODOS,Country Condo's Limited,Real Estate,Real Estate - Development,53.0,Small Cap
CPCAP,CP Capital Limited,Financial Services,Credit Services,218.0,Small Cap
CPEDU,Career Point Edutech Ltd.,Consumer Defensive,Education & Training Services,339.0,Small Cap
CPL,Captain Polyplast Limited,Industrials,Farm & Heavy Construction Machinery,,Unknown
CPPLUS,Aditya Infotech Limited,Industrials,Building Products & Equipment,39986.0,Mid Cap
CRAFTSMAN,Craftsman Automation Limited,Consumer Cyclical,Auto Parts,27180.0,Mid Cap
CRAMC,Canara Robeco Asset Management Company Limited,Financial Services,Asset Management,5173.0,Small Cap
CREATIVEYE,Creative Eye Limited,Communication Services,Entertainment,12.0,Small Cap
CREDITACC,CreditAccess Grameen Limited,Financial Services,Credit Services,22587.0,Mid Cap
CREST,Crest Ventures Limited,Financial Services,Financial Conglomerates,1024.0,Small Cap
CRISIL,CRISIL Limited,Financial Services,Financial Data & Stock Exchanges,32500.0,Mid Cap
CRIZAC,Crizac Limited,Consumer Defensive,Education & Training Services,3087.0,Small Cap
CROMPTON,Crompton Greaves Consumer Electricals Limited,Consumer Cyclical,"Furnishings, Fixtures & Appliances",15563.0,Mid Cap
CROWN,Crown Lifters Limited,Industrials,Rental & Leasing Services,119.0,Small Cap
CSBBANK,CSB Bank Limited,Financial Services,Banks - Regional,5656.0,Small Cap
CSLFINANCE,CSL Finance Limited,Financial Services,Credit Services,517.0,Small Cap
CSM,CSM Technologies Limited,Technology,Information Technology Services,503.0,Small Cap
CTE,Cambridge Technology Enterprises Limited,Technology,Information Technology Services,95.0,Small Cap
CUB,City Union Bank Limited,Financial Services,Banks - Regional,21825.0,Mid Cap
CUBEXTUB,Cubex Tubings Limited,Basic Materials,Copper,112.0,Small Cap
CUMMINSIND,Cummins India Limited,Industrials,Specialty Industrial Machinery,143908.0,Large Cap
CUPID,Cupid Limited,Consumer Defensive,Household & Personal Products,37825.0,Mid Cap
CURAA,Cura Technologies Limited,Technology,Software - Application,72.0,Small Cap
CYIENT,Cyient Limited,Industrials,Conglomerates,9774.0,Small Cap
CYIENTDLM,Cyient DLM Limited,Industrials,Aerospace & Defense,6123.0,Small Cap
DABUR,Dabur India Limited,Consumer Defensive,Household & Personal Products,69743.0,Large Cap
DALBHARAT,Dalmia Bharat Limited,Basic Materials,Building Materials,34122.0,Mid Cap
DALMIASUG,Dalmia Bharat Sugar and Industries Limited,Consumer Defensive,Confectioners,3773.0,Small Cap
DAMCAPITAL,,Financial Services,Capital Markets,1058.0,Small Cap
DANGEE,Dangee Dums Limited,Consumer Cyclical,Restaurants,44.0,Small Cap
DATAMATICS,Datamatics Global Services Limited,Technology,Information Technology Services,4730.0,Small Cap
DATAPATTNS,Data Patterns (India) Limited,Industrials,Aerospace & Defense,25305.0,Mid Cap
DAVANGERE,Davangere Sugar Company Limited,Consumer Defensive,Confectioners,413.0,Small Cap
DBCORP,D. B. Corp Limited,Communication Services,Publishing,3670.0,Small Cap
DBL,Dilip Buildcon Limited,Industrials,Engineering & Construction,6730.0,Small Cap
DBOL,Dhampur Bio Organics Limited,Consumer Defensive,Farm Products,848.0,Small Cap
DCAL,Dishman Carbogen Amcis Limited,Healthcare,Biotechnology,2683.0,Small Cap
DCBBANK,DCB Bank Limited,Financial Services,Banks - Regional,6673.0,Small Cap
DCI,DC Infotech and Communication Limited,Technology,Electronics & Computer Distribution,618.0,Small Cap
DCMFINSERV,DCM Financial Services Limited,Financial Services,Credit Services,11.0,Small Cap
DCMSHRIRAM,DCM Shriram Limited,Industrials,Conglomerates,16367.0,Mid Cap
DCMSRIND,DCM Shriram Industries Limited,Consumer Defensive,Confectioners,435.0,Small Cap
DCW,DCW Limited,Basic Materials,Chemicals,1334.0,Small Cap
DCXINDIA,DCX Systems Limited,Industrials,Aerospace & Defense,1933.0,Small Cap
DDEVPLSTIK,Ddev Plastiks Industries Limited,Basic Materials,Specialty Chemicals,2859.0,Small Cap
DECCANCE,Deccan Cements Limited,Basic Materials,Building Materials,777.0,Small Cap
DECNGOLD,Deccan Gold Mines Limited,Basic Materials,Gold,,Unknown
DEEPAKFERT,Deepak Fertilisers And Petrochemicals Corporation Limited,Basic Materials,Chemicals,18583.0,Mid Cap
DEEPAKNTR,Deepak Nitrite Limited,Basic Materials,Chemicals,23848.0,Mid Cap
DEEPINDS,Deep Industries Limited,Energy,Oil & Gas E&P,4178.0,Small Cap
DELHIVERY,Delhivery Limited,Industrials,Integrated Freight & Logistics,33076.0,Mid Cap
DELTACORP,Delta Corp Limited,Consumer Cyclical,Resorts & Casinos,1650.0,Small Cap
DELTAMAGNT,Delta Manufacturing Limited,Consumer Cyclical,Textile Manufacturing,63.0,Small Cap
DEN,DEN Networks Limited,Communication Services,Entertainment,1321.0,Small Cap
DENORA,De Nora India Limited,Industrials,Electrical Equipment & Parts,435.0,Small Cap
DENTA,Denta Water and Infra Solutions Limited,Industrials,Engineering & Construction,753.0,Small Cap
DEVIT,Dev Information Technology Limited,Technology,Information Technology Services,144.0,Small Cap
DEVX,Dev Accelerator Limited,Real Estate,Real Estate Services,322.0,Small Cap
DEVYANI,Devyani International Limited,Consumer Cyclical,Restaurants,18373.0,Mid Cap
DGCONTENT,Digicontent Limited,Communication Services,Internet Content & Information,143.0,Small Cap
DHAMPURSUG,Dhampur Sugar Mills Limited,Consumer Defensive,Confectioners,1161.0,Small Cap
DHANBANK,Dhanlaxmi Bank Limited,Financial Services,Banks - Regional,1305.0,Small Cap
DHANUKA,Dhanuka Agritech Limited,Basic Materials,Agricultural Inputs,4382.0,Small Cap
DHARMAJ,Dharmaj Crop Guard Limited,Basic Materials,Agricultural Inputs,924.0,Small Cap
DHRUV,Dhruv Consultancy Services Limited,Industrials,Engineering & Construction,46.0,Small Cap
DHUNINV,Dhunseri Investments Limited,Financial Services,Capital Markets,596.0,Small Cap
DIAMINESQ,Diamines and Chemicals Limited,Basic Materials,Chemicals,242.0,Small Cap
DIAMONDYD,Prataap Snacks Limited,Consumer Defensive,Packaged Foods,2805.0,Small Cap
DICIND,DIC India Limited,Basic Materials,Specialty Chemicals,551.0,Small Cap
DIFFNKG,Diffusion Engineers Limited,Industrials,Specialty Industrial Machinery,1472.0,Small Cap
DIGIDRIVE,Digidrive Distributors Limited,Consumer Cyclical,Internet Retail,69.0,Small Cap
DIGITIDE,Digitide Solutions Limited,Industrials,Specialty Business Services,1464.0,Small Cap
DIGJAMLMTD,Digjam Limited,Consumer Cyclical,Textile Manufacturing,104.0,Small Cap
DISAQ,DISA India Limited,,,,Unknown
DIVGIITTS,Divgi TorqTransfer Systems Limited,Consumer Cyclical,Auto Parts,3649.0,Small Cap
DIVISLAB,Divi's Laboratories Limited,Healthcare,Drug Manufacturers - Specialty & Generic,229418.0,Large Cap
DIXON,Dixon Technologies (India) Limited,Technology,Consumer Electronics,89634.0,Large Cap
DJML,DJ Mediaprint & Logistics Limited,Industrials,Specialty Business Services,276.0,Small Cap
DLF,DLF Limited,Real Estate,Real Estate - Development,168940.0,Large Cap
DLINKINDIA,D-Link (India) Limited,Technology,Communication Equipment,1577.0,Small Cap
DMART,Avenue Supermarts Limited,Consumer Defensive,Discount Stores,255420.0,Large Cap
DMCC,DMCC Speciality Chemicals Limited,Basic Materials,Chemicals,706.0,Small Cap
DNAMEDIA,Diligent Media Corporation Limited,Communication Services,Publishing,30.0,Small Cap
DODLA,Dodla Dairy Limited,Consumer Defensive,Food Distribution,6834.0,Small Cap
DOLATALGO,Dolat Algotech Limited,Financial Services,Capital Markets,1320.0,Small Cap
DOLLAR,Dollar Industries Limited,Consumer Cyclical,Apparel Manufacturing,1549.0,Small Cap
DOLPHIN,Dolphin Offshore Enterprises (India) Limited,Energy,Oil & Gas Equipment & Services,2451.0,Small Cap
DOMS,DOMS Industries Limited,Industrials,Business Equipment & Supplies,13407.0,Small Cap
DONEAR,Donear Industries Limited,Consumer Cyclical,Textile Manufacturing,442.0,Small Cap
DPABHUSHAN,D. P. Abhushan Limited,Consumer Cyclical,Luxury Goods,3363.0,Small Cap
DRAGARWQ,Dr. Agarwal's Eye Hospital Limited,Healthcare,Medical Care Facilities,,Unknown
DRCSYSTEMS,DRC Systems India Limited,Technology,Information Technology Services,185.0,Small Cap
DREAMFOLKS,Dreamfolks Services Limited,Industrials,Airports & Air Services,361.0,Small Cap
DREDGECORP,Dredging Corporation of India Limited,Industrials,Engineering & Construction,3060.0,Small Cap
DRREDDY,Dr. Reddy's Laboratories Limited,Healthcare,Drug Manufacturers - Specialty & Generic,98477.0,Large Cap
DSSL,Dynacons Systems & Solutions Limited,Technology,Information Technology Services,1384.0,Small Cap
DTIL,Dhunseri Tea & Industries Limited,Consumer Defensive,Packaged Foods,150.0,Small Cap
DUCON,Ducon Infratechnologies Limited,Industrials,Specialty Industrial Machinery,80.0,Small Cap
DVL,Dhunseri Ventures Limited,Financial Services,Capital Markets,984.0,Small Cap
DWARKESH,Dwarikesh Sugar Industries Limited,Consumer Defensive,Confectioners,990.0,Small Cap
DYCL,Dynamic Cables Limited,Industrials,Electrical Equipment & Parts,2054.0,Small Cap
DYNAMATECH,Dynamatic Technologies Limited,Consumer Cyclical,Auto Parts,7823.0,Small Cap
DYNPRO,Dynemic Products Limited,Basic Materials,Specialty Chemicals,284.0,Small Cap
E2E,E2E Networks Limited,Technology,Software - Infrastructure,12208.0,Small Cap
EASEMYTRIP,Easy Trip Planners Limited,Consumer Cyclical,Travel Services,2226.0,Small Cap
EBGNG,GNG Electronics Limited,Technology,Computer Hardware,6634.0,Small Cap
ECLERX,eClerx Services Limited,Technology,Information Technology Services,17211.0,Mid Cap
EDELWEISS,Edelweiss Financial Services Limited,Financial Services,Financial Conglomerates,12145.0,Small Cap
EFCIL,EFC (I) Limited,Real Estate,Real Estate Services,2935.0,Small Cap
EICHERMOT,Eicher Motors Limited,Consumer Cyclical,Auto Manufacturers,220194.0,Large Cap
EIDPARRY,E.I.D.- Parry (India) Limited,Basic Materials,Agricultural Inputs,14350.0,Small Cap
EIEL,Enviro Infra Engineers Limited,Industrials,Engineering & Construction,3398.0,Small Cap
EIHAHOTELS,EIH Associated Hotels Limited,Consumer Cyclical,Lodging,1822.0,Small Cap
EIHOTEL,EIH Limited,Consumer Cyclical,Lodging,18886.0,Mid Cap
EIMCOELECO,Eimco Elecon (India) Limited,Industrials,Farm & Heavy Construction Machinery,1294.0,Small Cap
EKC,Everest Kanto Cylinder Limited,Industrials,Specialty Industrial Machinery,1251.0,Small Cap
ELANTAS,ELANTAS Beck India Limited,Basic Materials,Specialty Chemicals,9275.0,Small Cap
ELCIDIN,Elcid Investments Limited,,,,Unknown
ELDEHSG,Eldeco Housing and Industries Limited,Real Estate,Real Estate Services,797.0,Small Cap
ELECON,Elecon Engineering Company Limited,Industrials,Specialty Industrial Machinery,9595.0,Small Cap
ELECTCAST,Electrosteel Castings Limited,Industrials,Building Products & Equipment,4693.0,Small Cap
ELECTHERM,Electrotherm (India) Limited,Basic Materials,Steel,1304.0,Small Cap
ELGIEQUIP,Elgi Equipments Limited,Industrials,Specialty Industrial Machinery,19198.0,Mid Cap
ELGIRUBCO,Elgi Rubber Company Limited,Consumer Cyclical,Auto Parts,298.0,Small Cap
ELIN,Elin Electronics Limited,Industrials,Electrical Equipment & Parts,487.0,Small Cap
ELITECON,Elitecon International Limited,Consumer Defensive,Tobacco,,Unknown
ELLEN,Ellenbarrie Industrial Gases Limited,Basic Materials,Chemicals,4482.0,Small Cap
ELPROINTL,Elpro International Limited,Unknown,Unknown,2961.0,Small Cap
EMAMILTD,Emami Limited,Consumer Defensive,Household & Personal Products,17532.0,Mid Cap
EMBDL,Embassy Developments Limited,Real Estate,Real Estate - Diversified,8706.0,Small Cap
EMCURE,Emcure Pharmaceuticals Limited,Healthcare,Drug Manufacturers - Specialty & Generic,35146.0,Mid Cap
EMIL,Electronics Mart India Limited,Consumer Cyclical,Specialty Retail,6872.0,Small Cap
EMKAY,Emkay Global Financial Services Limited,Financial Services,Capital Markets,673.0,Small Cap
EMMVEE,Emmvee Photovoltaic Power Limited,Technology,Solar,22872.0,Mid Cap
EMSLIMITED,EMS Limited,Industrials,Engineering & Construction,2104.0,Small Cap
EMUDHRA,eMudhra Limited,Technology,Software - Application,4448.0,Small Cap
ENDURANCE,Endurance Technologies Limited,Consumer Cyclical,Auto Parts,42053.0,Mid Cap
ENERGYDEV,Energy Development Company Limited,Utilities,Utilities - Regulated Electric,76.0,Small Cap
ENGINERSIN,Engineers India Limited,Industrials,Engineering & Construction,13992.0,Small Cap
ENIL,Entertainment Network (India) Limited,Communication Services,Broadcasting,505.0,Small Cap
ENRIN,Siemens Energy India Limited,Utilities,Utilities - Renewable,121284.0,Large Cap
ENTERO,Entero Healthcare Solutions Limited,Healthcare,Medical Distribution,7168.0,Small Cap
EPACK,EPACK Durable Limited,Consumer Cyclical,"Furnishings, Fixtures & Appliances",1923.0,Small Cap
EPACKPEB,,Industrials,Engineering & Construction,2366.0,Small Cap
EPIGRAL,Epigral Limited,Basic Materials,Chemicals,5338.0,Small Cap
EPL,EPL Limited,Consumer Cyclical,Packaging & Containers,8302.0,Small Cap
EQUITASBNK,Equitas Small Finance Bank Limited,Financial Services,Banks - Regional,8574.0,Small Cap
ERIS,Eris Lifesciences Limited,Healthcare,Drug Manufacturers - Specialty & Generic,18154.0,Mid Cap
ESABINDIA,ESAB India Limited,Industrials,Tools & Accessories,9521.0,Small Cap
ESAFSFB,ESAF Small Finance Bank,Financial Services,Banks - Regional,2255.0,Small Cap
ESCORTS,Escorts Kubota Limited,Industrials,Farm & Heavy Construction Machinery,33699.0,Mid Cap
ESSARSHPNG,Essar Shipping Limited,Industrials,Marine Shipping,344.0,Small Cap
ESTER,Ester Industries Limited,Basic Materials,Specialty Chemicals,998.0,Small Cap
ETERNAL,Eternal Limited,Consumer Cyclical,Internet Retail,304100.0,Large Cap
ETHOSLTD,Ethos Limited,Consumer Cyclical,Luxury Goods,7827.0,Small Cap
EUREKAFORB,Eureka Forbes Limited,Consumer Cyclical,"Furnishings, Fixtures & Appliances",7971.0,Small Cap
EUROBOND,,Industrials,Building Products & Equipment,381.0,Small Cap
EUROPRATIK,,Basic Materials,Building Materials,2662.0,Small Cap
EVEREADY,Eveready Industries India Limited,Industrials,Electrical Equipment & Parts,2462.0,Small Cap
EXCELINDUS,Excel Industries Limited,Basic Materials,Specialty Chemicals,1339.0,Small Cap
EXCELSOFT,,Technology,Software - Application,807.0,Small Cap
EXICOM,Exicom Tele-Systems Limited,Industrials,Electrical Equipment & Parts,2174.0,Small Cap
EXIDEIND,Exide Industries Limited,Consumer Cyclical,Auto Parts,38063.0,Mid Cap
EXPLEOSOL,Expleo Solutions Limited,Technology,Information Technology Services,1354.0,Small Cap
EXXARO,Exxaro Tiles Limited,Industrials,Building Products & Equipment,272.0,Small Cap
FABTECH,Fabtech Technologies Limited,Healthcare,Health Information Services,656.0,Small Cap
FACT,The Fertilisers and Chemicals Travancore Limited,Basic Materials,Agricultural Inputs,58570.0,Large Cap
FAZE3Q,Faze Three Limited,Consumer Cyclical,Textile Manufacturing,1203.0,Small Cap
FCL,Fineotex Chemical Limited,Basic Materials,Specialty Chemicals,5636.0,Small Cap
FCSSOFT,FCS Software Solutions Limited,Technology,Information Technology Services,248.0,Small Cap
FDC,FDC Limited,Healthcare,Drug Manufacturers - Specialty & Generic,5563.0,Small Cap
FEDDERSHOL,Fedders Holding Limited,Financial Services,Credit Services,817.0,Small Cap
FEDERALBNK,The Federal Bank Limited,Financial Services,Banks - Regional,85424.0,Large Cap
FEDFINA,Fedbank Financial Services Limited,Financial Services,Credit Services,5929.0,Small Cap
FERMENTA,Fermenta Biotech Limited,Healthcare,Drug Manufacturers - Specialty & Generic,,Unknown
FIBERWEB,Fiberweb (India) Limited,Consumer Cyclical,Textile Manufacturing,76.0,Small Cap
FIEMIND,Fiem Industries Limited,Consumer Cyclical,Auto Parts,5685.0,Small Cap
FILATEX,Filatex India Limited,Consumer Cyclical,Textile Manufacturing,3643.0,Small Cap
FINCABLES,Finolex Cables Limited,Industrials,Electrical Equipment & Parts,19205.0,Mid Cap
FINEORG,Fine Organic Industries Limited,Basic Materials,Specialty Chemicals,15960.0,Mid Cap
FINKURVE,Finkurve Financial Services Limited,Financial Services,Credit Services,1120.0,Small Cap
FINOPB,Fino Payments Bank Limited,Financial Services,Banks - Regional,1212.0,Small Cap
FINPIPE,Finolex Industries Limited,Industrials,Building Products & Equipment,10012.0,Small Cap
FIRSTCRY,,Consumer Cyclical,Internet Retail,9382.0,Small Cap
FISCHER,Fischer Medical Ventures Limited,Healthcare,Medical Devices,2519.0,Small Cap
FIVESTAR,Five-Star Business Finance Limited,Financial Services,Credit Services,14780.0,Small Cap
FLAIR,Flair Writing Industries Limited,Industrials,Business Equipment & Supplies,2656.0,Small Cap
FLUOROCHEM,Gujarat Fluorochemicals Limited,Basic Materials,Specialty Chemicals,50541.0,Large Cap
FMGOETZE,Federal-Mogul Goetze (India) Limited,Consumer Cyclical,Auto Parts,3041.0,Small Cap
FOODSIN,Foods and Inns Limited,Consumer Defensive,Packaged Foods,400.0,Small Cap
FORCEMOT,Force Motors Limited,Consumer Cyclical,Auto Manufacturers,22834.0,Mid Cap
FORTIS,Fortis Healthcare Limited,Healthcare,Medical Care Facilities,68928.0,Large Cap
FOSECOIND,Foseco India Limited,Basic Materials,Chemicals,4141.0,Small Cap
FRACTAL,Fractal Analytics Limited,Technology,Software - Infrastructure,14185.0,Small Cap
FRONTSP,Frontier Springs Limited,Industrials,Metal Fabrication,,Unknown
FSL,Firstsource Solutions Limited,Technology,Information Technology Services,19062.0,Mid Cap
FUSION,Fusion Finance Limited,Financial Services,Credit Services,3226.0,Small Cap
GABRIEL,Gabriel India Limited,Consumer Cyclical,Auto Parts,24091.0,Mid Cap
GAEL,Gujarat Ambuja Exports Limited,Consumer Defensive,Packaged Foods,8145.0,Small Cap
GAIL,GAIL (India) Limited,Utilities,Utilities - Regulated Gas,114176.0,Large Cap
GALAPREC,,Industrials,Specialty Industrial Machinery,1372.0,Small Cap
GALAXYSURF,Galaxy Surfactants Limited,Basic Materials,Specialty Chemicals,8150.0,Small Cap
GALLANTT,Gallantt Ispat Limited,Basic Materials,Steel,14033.0,Small Cap
GANDHAR,Gandhar Oil Refinery (India) Limited,Energy,Oil & Gas Refining & Marketing,2473.0,Small Cap
GANDHITUBE,Gandhi Special Tubes Limited,Industrials,Metal Fabrication,1086.0,Small Cap
GANECOS,Ganesha Ecosphere Limited,Consumer Cyclical,Textile Manufacturing,2809.0,Small Cap
GANESHCP,,Consumer Defensive,Packaged Foods,675.0,Small Cap
GANESHHOU,Ganesh Housing Limited,Real Estate,Real Estate - Development,6837.0,Small Cap
GANGESSECU,Ganges Securities Limited,Consumer Defensive,Packaged Foods,122.0,Small Cap
GARFIBRES,Garware Technical Fibres Limited,Consumer Cyclical,Textile Manufacturing,7768.0,Small Cap
GARUDA,Garuda Construction and Engineering Limited,Industrials,Engineering & Construction,1699.0,Small Cap
GATEWAY,Gateway Distriparks Limited,Industrials,Integrated Freight & Logistics,2648.0,Small Cap
GAYAHWS,Gayatri Highways Limited,Industrials,Infrastructure Operations,46.0,Small Cap
GCSL,Gretex Corporate Services Limited,Financial Services,Capital Markets,1189.0,Small Cap
GEEKAYWIRE,Geekay Wires Limited,Industrials,Electrical Equipment & Parts,236.0,Small Cap
GEMAROMA,,Basic Materials,Chemicals,897.0,Small Cap
GENCON,Generic Engineering Construction and Projects Limited,Industrials,Engineering & Construction,238.0,Small Cap
GENESYS,Genesys International Corporation Limited,Technology,Software - Application,1312.0,Small Cap
GENUSPAPER,Genus Paper & Boards Limited,Basic Materials,Paper & Paper Products,302.0,Small Cap
GENUSPOWER,Genus Power Infrastructures Limited,Industrials,Electrical Equipment & Parts,9310.0,Small Cap
GEOJITFSL,Geojit Financial Services Limited,Financial Services,Capital Markets,2257.0,Small Cap
GESHIP,The Great Eastern Shipping Company Limited,Industrials,Marine Shipping,19242.0,Mid Cap
GFLLIMITED,GFL Limited,Financial Services,Asset Management,599.0,Small Cap
GHCL,GHCL Limited,Basic Materials,Chemicals,4061.0,Small Cap
GHCLTEXTIL,GHCL Textiles Limited,Consumer Cyclical,Textile Manufacturing,1195.0,Small Cap
GICHSGFIN,GIC Housing Finance Limited,Financial Services,Mortgage Finance,748.0,Small Cap
GICL,Globe International Carriers Limited,Industrials,Integrated Freight & Logistics,265.0,Small Cap
GICRE,General Insurance Corporation of India,Financial Services,Insurance - Reinsurance,61746.0,Large Cap
GILLANDERS,Gillanders Arbuthnot and Company Limited,Consumer Defensive,Farm Products,222.0,Small Cap
GILLETTE,Gillette India Limited,Consumer Defensive,Household & Personal Products,24149.0,Mid Cap
GIPCL,Gujarat Industries Power Company Limited,Utilities,Utilities - Regulated Electric,2920.0,Small Cap
GKENERGY,,Utilities,Utilities - Renewable,2562.0,Small Cap
GKSL,Gujarat Kidney And Super Speciality Limited,Healthcare,Medical Care Facilities,1210.0,Small Cap
GKWLIMITED,GKW Limited,Industrials,Specialty Business Services,955.0,Small Cap
GLAND,Gland Pharma Limited,Healthcare,Drug Manufacturers - Specialty & Generic,46123.0,Mid Cap
GLAXO,GlaxoSmithKline Pharmaceuticals Limited,Healthcare,Drug Manufacturers - General,49975.0,Mid Cap
GLENMARK,Glenmark Pharmaceuticals Limited,Healthcare,Drug Manufacturers - Specialty & Generic,67613.0,Large Cap
GLOBAL,Global Education Limited,Consumer Defensive,Education & Training Services,548.0,Small Cap
GLOBALVECT,Global Vectra Helicorp Limited,Industrials,Airports & Air Services,210.0,Small Cap
GLOBE,Globe Enterprises (India) Limited,Consumer Cyclical,Textile Manufacturing,90.0,Small Cap
GLOBECIVIL,,Industrials,Engineering & Construction,263.0,Small Cap
GLOBUSSPR,Globus Spirits Limited,Consumer Defensive,Beverages - Wineries & Distilleries,2872.0,Small Cap
GLOSTERLTD,Gloster Limited,Consumer Cyclical,Textile Manufacturing,654.0,Small Cap
GMBREW,G.M. Breweries Limited,Consumer Defensive,Beverages - Wineries & Distilleries,2008.0,Small Cap
GMDCLTD,Gujarat Mineral Development Corporation Limited,Energy,Thermal Coal,17954.0,Mid Cap
GMMPFAUDLR,GMM Pfaudler Limited,Industrials,Specialty Industrial Machinery,4471.0,Small Cap
GMRAIRPORT,GMR Airports Limited,Industrials,Airports & Air Services,103848.0,Large Cap
GMRP&UI,GMR Power And Urban Infra Limited,Energy,Thermal Coal,7515.0,Small Cap
GNA,G N A Axles Limited,Consumer Cyclical,Auto Parts,2364.0,Small Cap
GNFC,Gujarat Narmada Valley Fertilizers & Chemicals Limited,Basic Materials,Chemicals,8611.0,Small Cap
GNRL,Gujarat Natural Resources Limited,Energy,Oil & Gas E&P,,Unknown
GOACARBON,Goa Carbon Limited,Basic Materials,Specialty Chemicals,327.0,Small Cap
GOCLCORP,GOCL Corporation Limited,Basic Materials,Specialty Chemicals,1959.0,Small Cap
GOCOLORS,Go Fashion (India) Limited,Consumer Cyclical,Apparel Retail,1792.0,Small Cap
GODAVARIB,,Basic Materials,Chemicals,1233.0,Small Cap
GODFRYPHLP,Godfrey Phillips India Limited,Consumer Defensive,Tobacco,32511.0,Mid Cap
GODIGIT,Go Digit General Insurance Limited,Financial Services,Insurance - Property & Casualty,23917.0,Mid Cap
GODREJAGRO,Godrej Agrovet Limited,Consumer Defensive,Packaged Foods,11978.0,Small Cap
GODREJCP,Godrej Consumer Products Limited,Consumer Defensive,Household & Personal Products,94144.0,Large Cap
GODREJIND,Godrej Industries Limited,Industrials,Conglomerates,39065.0,Mid Cap
GODREJPROP,Godrej Properties Limited,Real Estate,Real Estate - Development,60914.0,Large Cap
GOKEX,Gokaldas Exports Limited,Consumer Cyclical,Apparel Manufacturing,5793.0,Small Cap
GOKUL,Gokul Refoils & Solvent Limited,Consumer Defensive,Packaged Foods,455.0,Small Cap
GOKULAGRO,Gokul Agro Resources Limited,Consumer Defensive,Packaged Foods,7440.0,Small Cap
GOLDIAM,Goldiam International Limited,Consumer Cyclical,Luxury Goods,5419.0,Small Cap
GOODLUCK,Goodluck India Limited,Basic Materials,Steel,4555.0,Small Cap
GOODYEAR,Goodyear India Limited,Consumer Cyclical,Auto Parts,1730.0,Small Cap
GOPAL,Gopal Snacks Limited,Consumer Defensive,Packaged Foods,3506.0,Small Cap
GOYALALUM,Goyal Aluminiums Limited,Basic Materials,Aluminum,92.0,Small Cap
GPIL,Godawari Power & Ispat Limited,Basic Materials,Steel,15981.0,Mid Cap
GPPL,Gujarat Pipavav Port Limited,Industrials,Marine Shipping,7936.0,Small Cap
GPTHEALTH,GPT Healthcare Limited,Healthcare,Medical Care Facilities,1230.0,Small Cap
GPTINFRA,GPT Infraprojects Limited,Industrials,Engineering & Construction,1438.0,Small Cap
GRANDOAK,Grand Oak Canyons Distillery Limited,Financial Services,Mortgage Finance,,Unknown
GRANULES,Granules India Limited,Healthcare,Drug Manufacturers - Specialty & Generic,20978.0,Mid Cap
GRAPHITE,Graphite India Limited,Industrials,Electrical Equipment & Parts,13831.0,Small Cap
GRASIM,Grasim Industries Limited,Basic Materials,Building Materials,219218.0,Large Cap
GRAUWEIL,Grauer & Weil (India) Limited,Basic Materials,Specialty Chemicals,3127.0,Small Cap
GRAVISSHO,Graviss Hospitality Limited,Consumer Cyclical,Lodging,,Unknown
GRAVITA,Gravita India Limited,Industrials,Metal Fabrication,13204.0,Small Cap
GREAVESCOT,Greaves Cotton Limited,Industrials,Specialty Industrial Machinery,4430.0,Small Cap
GREENLAM,Greenlam Industries Limited,Consumer Cyclical,"Furnishings, Fixtures & Appliances",6357.0,Small Cap
GREENPANEL,Greenpanel Industries Limited,Basic Materials,Lumber & Wood Production,1914.0,Small Cap
GREENPLY,Greenply Industries Limited,Basic Materials,Lumber & Wood Production,3592.0,Small Cap
GREENPOWER,Orient Green Power Company Limited,Utilities,Utilities - Independent Power Producers,1103.0,Small Cap
GRINDWELL,Grindwell Norton Limited,Industrials,Building Products & Equipment,22266.0,Mid Cap
GRINFRA,G R Infraprojects Limited,Industrials,Engineering & Construction,8592.0,Small Cap
GRMOVER,GRM Overseas Limited,Consumer Defensive,Packaged Foods,1844.0,Small Cap
GROBTEA,The Grob Tea Company Limited,Consumer Defensive,Farm Products,110.0,Small Cap
GROWW,Billionbrains Garage Ventures Limited,Financial Services,Capital Markets,125441.0,Large Cap
GRPLTD,GRP Limited,Consumer Cyclical,Auto Parts,1060.0,Small Cap
GRSE,Garden Reach Shipbuilders & Engineers Limited,Industrials,Aerospace & Defense,29637.0,Mid Cap
GRWRHITECH,Garware Hi-Tech Films Limited,Basic Materials,Specialty Chemicals,16762.0,Mid Cap
GSFC,Gujarat State Fertilizers & Chemicals Limited,Basic Materials,Agricultural Inputs,6341.0,Small Cap
GSLSU,Global Surfaces Limited,Basic Materials,Building Materials,129.0,Small Cap
GSPCROP,GSP Crop Science Limited,Basic Materials,Agricultural Inputs,3006.0,Small Cap
GSS,GSS Infotech Limited,Technology,Information Technology Services,33.0,Small Cap
GTL,GTL Limited,Communication Services,Telecom Services,118.0,Small Cap
GTLINFRA,GTL Infrastructure Limited,Technology,Communication Equipment,1550.0,Small Cap
GTPL,GTPL Hathway Limited,Communication Services,Entertainment,620.0,Small Cap
GUFICBIO,Gufic Biosciences Limited,Healthcare,Drug Manufacturers - Specialty & Generic,4161.0,Small Cap
GUJALKALI,Gujarat Alkalies and Chemicals Limited,Basic Materials,Chemicals,5349.0,Small Cap
GUJAPOLLO,Gujarat Apollo Industries Limited,Industrials,Specialty Industrial Machinery,450.0,Small Cap
GUJENERGY,Gujarat Energy Limited,Utilities,Utilities - Regulated Gas,23986.0,Mid Cap
GUJRAFFIA,Gujarat Raffia Industries Limited,,,,Unknown
GUJTHEM,Gujarat Themis Biosyn Limited,Healthcare,Drug Manufacturers - Specialty & Generic,4465.0,Small Cap
GULFOILLUB,Gulf Oil Lubricants India Limited,Basic Materials,Specialty Chemicals,5685.0,Small Cap
GULPOLY,Gulshan Polyols Limited,Basic Materials,Chemicals,1225.0,Small Cap
GVPIL,GE Power India Limited,Industrials,Engineering & Construction,4364.0,Small Cap
GVPTECH,GVP Infotech Limited,Technology,Information Technology Services,120.0,Small Cap
GVT&D,GE Vernova T&D India Limited,Industrials,Specialty Industrial Machinery,105937.0,Large Cap
GYFTR,Gyftr Limited,Industrials,Specialty Business Services,1244.0,Small Cap
HAL,Hindustan Aeronautics Limited,Industrials,Aerospace & Defense,326061.0,Large Cap
HALDER,Halder Venture Limited,Consumer Defensive,Farm Products,370.0,Small Cap
HALEOSLABS,Haleos Labs Limited,Healthcare,Biotechnology,453.0,Small Cap
HAPPSTMNDS,Happiest Minds Technologies Limited,Technology,Information Technology Services,6522.0,Small Cap
HAPPYFORGE,,Industrials,Metal Fabrication,20381.0,Mid Cap
HARDWYN,Hardwyn India Limited,Industrials,Building Products & Equipment,622.0,Small Cap
HARIOMPIPE,Hariom Pipe Industries Limited,Basic Materials,Steel,1070.0,Small Cap
HARRMALAYA,Harrisons Malayalam Limited,Consumer Defensive,Farm Products,368.0,Small Cap
HARSHA,Harsha Engineers International Limited,Industrials,Tools & Accessories,3909.0,Small Cap
HATHWAY,Hathway Cable and Datacom Limited,Communication Services,Entertainment,1866.0,Small Cap
HATSUN,Hatsun Agro Product Limited,Consumer Defensive,Packaged Foods,23109.0,Mid Cap
HAVELLS,Havells India Limited,Industrials,Electrical Equipment & Parts,79374.0,Large Cap
HAVISHA,Sri Havisha Hospitality and Infrastructure Limited,Consumer Cyclical,Lodging,22.0,Small Cap
HAWKINCOOK,Hawkins Cookers Limited,Consumer Cyclical,"Furnishings, Fixtures & Appliances",4334.0,Small Cap
HBESD,HB Estate Developers Limited,Unknown,Unknown,,Unknown
HBLENGINE,,Industrials,Electrical Equipment & Parts,19275.0,Mid Cap
HBSL,HB Stockholdings Limited,Financial Services,Capital Markets,38.0,Small Cap
HCC,Hindustan Construction Company Limited,Industrials,Engineering & Construction,5944.0,Small Cap
HCG,HealthCare Global Enterprises Limited,Healthcare,Medical Care Facilities,10881.0,Small Cap
HCL-INSYS,HCL Infosystems Limited,Technology,Electronics & Computer Distribution,363.0,Small Cap
HCLTECH,HCL Technologies Limited,Technology,Information Technology Services,351587.0,Large Cap
HDBFS,HDB Financial Services Limited,Financial Services,Credit Services,56815.0,Large Cap
HDFCAMC,HDFC Asset Management Company Limited,Financial Services,Asset Management,114175.0,Large Cap
HDFCBANK,HDFC Bank Limited,Financial Services,Banks - Regional,1113907.0,Large Cap
HDFCLIFE,HDFC Life Insurance Company Limited,Financial Services,Insurance - Life,118870.0,Large Cap
HEADSUP,Heads UP Ventures Limited,Consumer Cyclical,Apparel Retail,15.0,Small Cap
HEALTHX,Health X Platform Limited,Healthcare,Pharmaceutical Retailers,954.0,Small Cap
HECPROJECT,HEC Infra Projects Limited,Industrials,Engineering & Construction,127.0,Small Cap
HEG,HEG Limited,Industrials,Electrical Equipment & Parts,13930.0,Small Cap
HEIDELBERG,HeidelbergCement India Limited,Basic Materials,Building Materials,3649.0,Small Cap
HEMIPROP,Hemisphere Properties India Limited,Real Estate,Real Estate - Diversified,3695.0,Small Cap
HERANBA,Heranba Industries Limited,Basic Materials,Agricultural Inputs,700.0,Small Cap
HERITGFOOD,Heritage Foods Limited,Consumer Defensive,Packaged Foods,3545.0,Small Cap
HEROMOTOCO,Hero MotoCorp Limited,Consumer Cyclical,Auto Manufacturers,112439.0,Large Cap
HESTERBIO,Hester Biosciences Limited,Healthcare,Drug Manufacturers - Specialty & Generic,2020.0,Small Cap
HEXATRADEX,Hexa Tradex Limited,Financial Services,Credit Services,889.0,Small Cap
HEXT,Hexaware Technologies Limited,Technology,Information Technology Services,34069.0,Mid Cap
HFCL,HFCL Limited,Technology,Communication Equipment,36336.0,Mid Cap
HGINFRA,H.G. Infra Engineering Limited,Industrials,Engineering & Construction,3272.0,Small Cap
HGM,Handson Global Management (HGM) Limited,Technology,Information Technology Services,55.0,Small Cap
HGS,Hinduja Global Solutions Limited,Industrials,Specialty Business Services,1862.0,Small Cap
HIKAL,Hikal Limited,Healthcare,Drug Manufacturers - Specialty & Generic,2570.0,Small Cap
HILINFRA,,Industrials,Infrastructure Operations,326.0,Small Cap
HIMATSEIDE,Himatsingka Seide Limited,Consumer Cyclical,Textile Manufacturing,909.0,Small Cap
HINDALCO,Hindalco Industries Limited,Basic Materials,Aluminum,233105.0,Large Cap
HINDCOMPOS,Hindustan Composites Limited,Consumer Cyclical,Auto Parts,600.0,Small Cap
HINDCON,Hindcon Chemicals Limited,Basic Materials,Specialty Chemicals,124.0,Small Cap
HINDCOPPER,Hindustan Copper Limited,Basic Materials,Copper,51451.0,Large Cap
HINDOILEXP,Hindustan Oil Exploration Company Limited,Energy,Oil & Gas E&P,2096.0,Small Cap
HINDPETRO,Hindustan Petroleum Corporation Limited,Energy,Oil & Gas Refining & Marketing,78729.0,Large Cap
HINDUNILVR,Hindustan Unilever Limited,Consumer Defensive,Household & Personal Products,473208.0,Large Cap
HINDWAREAP,Hindware Home Innovation Limited,Consumer Cyclical,"Furnishings, Fixtures & Appliances",1617.0,Small Cap
HINDZINC,Hindustan Zinc Limited,Basic Materials,Other Industrial Metals & Mining,251449.0,Large Cap
HIRECT,Hirect Limited,Industrials,Electrical Equipment & Parts,4242.0,Small Cap
HISARMETAL,Hisar Metal Industries Limited,Basic Materials,Steel,81.0,Small Cap
HITECH,Hi-Tech Pipes Limited,Basic Materials,Steel,1640.0,Small Cap
HLEGLAS,HLE Glascoat Limited,Industrials,Specialty Industrial Machinery,2176.0,Small Cap
HLVLTD,HLV Limited,Consumer Cyclical,Lodging,429.0,Small Cap
HMAAGRO,HMA Agro Industries Limited,Consumer Defensive,Packaged Foods,1087.0,Small Cap
HNDFDS,Hindustan Foods Limited,Industrials,Conglomerates,7665.0,Small Cap
HOMEFIRST,Home First Finance Company India Limited,Financial Services,Mortgage Finance,12438.0,Small Cap
HONASA,Honasa Consumer Limited,Consumer Defensive,Household & Personal Products,15846.0,Mid Cap
HONAUT,Honeywell Automation India Limited,Industrials,Electrical Equipment & Parts,32293.0,Mid Cap
HONDAPOWER,Honda India Power Products Limited,Industrials,Specialty Industrial Machinery,2103.0,Small Cap
HPAL,HP Adhesives Limited,Basic Materials,Specialty Chemicals,315.0,Small Cap
HPIL,Hindprakash Industries Limited,Basic Materials,Specialty Chemicals,144.0,Small Cap
HPL,HPL Electric & Power Limited,Industrials,Electrical Equipment & Parts,1999.0,Small Cap
HSCL,Himadri Speciality Chemical Limited,Basic Materials,Specialty Chemicals,33100.0,Mid Cap
HTMEDIA,HT Media Limited,Communication Services,Publishing,621.0,Small Cap
HUBTOWN,Hubtown Limited,Real Estate,Real Estate - Development,2679.0,Small Cap
HUDCO,Housing and Urban Development Corporation Limited,Financial Services,Credit Services,37275.0,Mid Cap
HUHTAMAKI,Huhtamaki India Limited,Consumer Cyclical,Packaging & Containers,2023.0,Small Cap
HYUNDAI,Hyundai Motor India Limited,Consumer Cyclical,Auto Manufacturers,179962.0,Large Cap
ICDSLTD,ICDS Limited,Real Estate,Real Estate Services,52.0,Small Cap
ICEMAKE,Ice Make Refrigeration Limited,Industrials,Specialty Industrial Machinery,1152.0,Small Cap
ICICIAMC,,Financial Services,Asset Management,160753.0,Large Cap
ICICIBANK,ICICI Bank Limited,Financial Services,Banks - Regional,1020757.0,Large Cap
ICICIGI,ICICI Lombard General Insurance Company Limited,Financial Services,Insurance - Diversified,80305.0,Large Cap
ICICIPRULI,ICICI Prudential Life Insurance Company Limited,Financial Services,Insurance - Life,73582.0,Large Cap
ICIL,Indo Count Industries Limited,Consumer Cyclical,Textile Manufacturing,8356.0,Small Cap
ICRA,ICRA Limited,Financial Services,Financial Data & Stock Exchanges,4923.0,Small Cap
IDBI,IDBI Bank Limited,Financial Services,Banks - Regional,93976.0,Large Cap
IDEA,Vodafone Idea Limited,Communication Services,Telecom Services,163706.0,Large Cap
IDFCFIRSTB,IDFC First Bank Limited,Financial Services,Banks - Regional,73535.0,Large Cap
IEX,Indian Energy Exchange Limited,Financial Services,Capital Markets,10954.0,Small Cap
IFBIND,IFB Industries Limited,Consumer Cyclical,"Furnishings, Fixtures & Appliances",5586.0,Small Cap
IFCI,IFCI Limited,Financial Services,Credit Services,22382.0,Mid Cap
IFGLEXPOR,IFGL Refractories Limited,Basic Materials,Building Materials,1525.0,Small Cap
IGARASHI,Igarashi Motors India Limited,Consumer Cyclical,Auto Parts,1343.0,Small Cap
IGCL,Indogulf Cropsciences Limited,Basic Materials,Agricultural Inputs,455.0,Small Cap
IGIL,International Gemological Institute Limited,Basic Materials,Other Precious Metals & Mining,14739.0,Small Cap
IGL,Indraprastha Gas Limited,Utilities,Utilities - Regulated Gas,20822.0,Mid Cap
IGPL,I G Petrochemicals Limited,Basic Materials,Chemicals,1504.0,Small Cap
IIFL,IIFL Finance Limited,Financial Services,Credit Services,28503.0,Mid Cap
IIFLCAPS,IIFL Capital Services Limited,Financial Services,Capital Markets,10563.0,Small Cap
IITL,Industrial Investment Trust Limited,Financial Services,Credit Services,362.0,Small Cap
IKIO,IKIO Technologies Limited,Technology,Electronic Components,1474.0,Small Cap
IKS,Inventurus Knowledge Solutions Limited,Healthcare,Health Information Services,29945.0,Mid Cap
IMAGICAA,Imagicaaworld Entertainment Limited,Communication Services,Entertainment,2795.0,Small Cap
IMFA,Indian Metals and Ferro Alloys Limited,Basic Materials,Other Industrial Metals & Mining,7489.0,Small Cap
IMPAL,India Motor Parts & Accessories Limited,Consumer Cyclical,Auto Parts,1369.0,Small Cap
INA,Insolation Energy Limited,Technology,Solar,2055.0,Small Cap
INCREDIBLE,Incredible Industries Limited,Basic Materials,Steel,155.0,Small Cap
INDBANK,Indbank Merchant Banking Services Limited,Financial Services,Capital Markets,141.0,Small Cap
INDGN,Indegene Limited,Healthcare,Health Information Services,13511.0,Small Cap
INDHOTEL,The Indian Hotels Company Limited,Consumer Cyclical,Lodging,105385.0,Large Cap
INDIACEM,The India Cements Limited,Basic Materials,Building Materials,16946.0,Mid Cap
INDIAGLYCO,India Glycols Limited,Basic Materials,Chemicals,7891.0,Small Cap
INDIAMART,IndiaMART InterMESH Limited,Communication Services,Internet Content & Information,105581.0,Large Cap
INDIANB,Indian Bank,Financial Services,Banks - Regional,117799.0,Large Cap
INDIANCARD,The Indian Card Clothing Company Limited,Consumer Cyclical,Textile Manufacturing,123.0,Small Cap
INDIANHUME,The Indian Hume Pipe Company Limited,Industrials,Engineering & Construction,2050.0,Small Cap
INDIASHLTR,India Shelter Finance Corporation Limited,Financial Services,Mortgage Finance,7137.0,Small Cap
INDIGO,InterGlobe Aviation Limited,Industrials,Airlines,197277.0,Large Cap
INDIGOPNTS,Indigo Paints Limited,Basic Materials,Specialty Chemicals,5423.0,Small Cap
INDIQUBE,,Real Estate,Real Estate Services,4075.0,Small Cap
INDNIPPON,India Nippon Electricals Limited,Consumer Cyclical,Auto Parts,2408.0,Small Cap
INDOBORAX,Indo Borax & Chemicals Limited,Basic Materials,Chemicals,1567.0,Small Cap
INDOCO,Indoco Remedies Limited,Healthcare,Drug Manufacturers - Specialty & Generic,2007.0,Small Cap
INDOFARM,,Industrials,Farm & Heavy Construction Machinery,665.0,Small Cap
INDOMIM,INDO-MIM Limited,Industrials,Metal Fabrication,44212.0,Mid Cap
INDORAMA,Indo Rama Synthetics (India) Limited,Consumer Cyclical,Textile Manufacturing,1591.0,Small Cap
INDOSTAR,IndoStar Capital Finance Limited,Financial Services,Credit Services,4179.0,Small Cap
INDOTHAI,Indo Thai Securities Limited,Financial Services,Capital Markets,693.0,Small Cap
INDOUS,Indo Us Bio-Tech Limited,Basic Materials,Agricultural Inputs,166.0,Small Cap
INDOWIND,Indowind Energy Limited,Utilities,Utilities - Renewable,147.0,Small Cap
INDPRUD,Industrial And Prudential Investment Company Limited,Financial Services,Asset Management,,Unknown
INDRAMEDCO,Indraprastha Medical Corporation Limited,Healthcare,Medical Care Facilities,3415.0,Small Cap
INDSWFTLAB,Ind-Swift Laboratories Limited,Healthcare,Drug Manufacturers - Specialty & Generic,2812.0,Small Cap
INDTERRAIN,Indian Terrain Fashions Limited,Consumer Cyclical,Apparel Retail,152.0,Small Cap
INDUSINDBK,IndusInd Bank Limited,Financial Services,Banks - Regional,78748.0,Large Cap
INDUSTOWER,Indus Towers Limited,Communication Services,Telecom Services,101915.0,Large Cap
INFOBEAN,InfoBeans Technologies Limited,Technology,Software - Application,1506.0,Small Cap
INFOMEDIA,Infomedia Press Limited,Financial Services,Shell Companies,27.0,Small Cap
INFY,Infosys Limited,Technology,Information Technology Services,455558.0,Large Cap
INGERRAND,Ingersoll-Rand (India) Limited,Industrials,Specialty Industrial Machinery,14487.0,Small Cap
INNOVACAP,Innova Captab Limited,Healthcare,Drug Manufacturers - Specialty & Generic,5969.0,Small Cap
INNOVANA,,Technology,Software - Application,665.0,Small Cap
INNOVISION,,Industrials,Staffing & Employment Services,614.0,Small Cap
INOXINDIA,INOX India Limited,Industrials,Specialty Industrial Machinery,17365.0,Mid Cap
INOXWIND,Inox Wind Limited,Industrials,Specialty Industrial Machinery,12651.0,Small Cap
INSECTICID,Insecticides (India) Limited,Basic Materials,Agricultural Inputs,1683.0,Small Cap
INTELLECT,Intellect Design Arena Limited,Technology,Software - Application,9519.0,Small Cap
INTENTECH,Intense Technologies Limited,Technology,Software - Infrastructure,187.0,Small Cap
INTERARCH,Interarch Building Solutions Limited,Industrials,Engineering & Construction,2804.0,Small Cap
INTLCONV,International Conveyors Limited,Industrials,Specialty Industrial Machinery,484.0,Small Cap
INVENTURE,Inventure Growth & Securities Limited,Financial Services,Capital Markets,89.0,Small Cap
IOB,Indian Overseas Bank,Financial Services,Banks - Regional,63470.0,Large Cap
IOC,Indian Oil Corporation Limited,Energy,Oil & Gas Refining & Marketing,194322.0,Large Cap
IOLCP,IOL Chemicals and Pharmaceuticals Limited,Healthcare,Drug Manufacturers - Specialty & Generic,5038.0,Small Cap
IONEXCHANG,Ion Exchange (India) Limited,Industrials,Pollution & Treatment Controls,4552.0,Small Cap
IPCALAB,Ipca Laboratories Limited,Healthcare,Drug Manufacturers - Specialty & Generic,48919.0,Mid Cap
IPL,India Pesticides Limited,Basic Materials,Agricultural Inputs,1612.0,Small Cap
IRB,IRB Infrastructure Developers Limited,Industrials,Infrastructure Operations,22695.0,Mid Cap
IRCON,Ircon International Limited,Industrials,Engineering & Construction,11518.0,Small Cap
IRCTC,Indian Railway Catering & Tourism Corporation Limited,Consumer Cyclical,Travel Services,38612.0,Mid Cap
IREDA,Indian Renewable Energy Development Agency Limited,Financial Services,Credit Services,32626.0,Mid Cap
IRFC,Indian Railway Finance Corporation Limited,Financial Services,Credit Services,111357.0,Large Cap
IRIS,IRIS RegTech Solutions Limited,Technology,Software - Application,490.0,Small Cap
IRISDOREME,Iris Clothings Limited,Consumer Cyclical,Apparel Manufacturing,978.0,Small Cap
IRMENERGY,IRM Energy Limited,Utilities,Utilities - Regulated Gas,1139.0,Small Cap
ISFT,IntraSoft Technologies Limited,Consumer Cyclical,Internet Retail,151.0,Small Cap
ISGEC,Isgec Heavy Engineering Limited,Industrials,Specialty Industrial Machinery,5572.0,Small Cap
ISHANCH,Ishan Dyes and Chemicals Limited,Basic Materials,Chemicals,125.0,Small Cap
ITC,ITC Limited,Consumer Defensive,Tobacco,337302.0,Large Cap
ITCHOTELS,,Consumer Cyclical,Resorts & Casinos,34592.0,Mid Cap
ITDC,India Tourism Development Corporation Limited,Consumer Cyclical,Lodging,5831.0,Small Cap
ITI,ITI Limited,Technology,Communication Equipment,26642.0,Mid Cap
IVALUE,iValue Infosolutions Limited,Technology,Information Technology Services,1532.0,Small Cap
IVC,IL&FS Investment Managers Limited,Financial Services,Financial Conglomerates,253.0,Small Cap
IWP,The Indian Wood Products Company Limited,Basic Materials,Lumber & Wood Production,,Unknown
IXIGO,Le Travenues Technology Limited,Consumer Cyclical,Travel Services,7469.0,Small Cap
IZMO,IZMO Limited,Technology,Software - Application,1267.0,Small Cap
J&KBANK,Jammu and Kashmir Bank Limited,Financial Services,Banks - Regional,16441.0,Mid Cap
JAGRAN,Jagran Prakashan Limited,Communication Services,Publishing,1341.0,Small Cap
JAGSNPHARM,Jagsonpal Pharmaceuticals Limited,Healthcare,Drug Manufacturers - Specialty & Generic,1571.0,Small Cap
JAICORPLTD,Jai Corp Limited,Basic Materials,Specialty Chemicals,1767.0,Small Cap
JAINREC,Jain Resource Recycling Limited,Basic Materials,Other Industrial Metals & Mining,9944.0,Small Cap
JAIPURKURT,Nandani Creation Limited,Consumer Cyclical,Apparel Manufacturing,45.0,Small Cap
JAMNAAUTO,Jamna Auto Industries Limited,Consumer Cyclical,Auto Parts,4783.0,Small Cap
JARO,Jaro Institute of Technology Management and Research Limited,Consumer Defensive,Education & Training Services,1035.0,Small Cap
JASH,Jash Engineering Limited,Industrials,Specialty Industrial Machinery,3030.0,Small Cap
JAYAGROGN,Jayant Agro-Organics Limited,Basic Materials,Specialty Chemicals,698.0,Small Cap
JAYBARMARU,Jay Bharat Maruti Limited,Consumer Cyclical,Auto Parts,1334.0,Small Cap
JAYKAY,Jaykay Enterprises Limited,Industrials,Specialty Business Services,2075.0,Small Cap
JAYNECOIND,Jayaswal Neco Industries Limited,Basic Materials,Steel,9846.0,Small Cap
JAYSREETEA,Jay Shree Tea & Industries Limited,Consumer Defensive,Farm Products,310.0,Small Cap
JBMA,JBM Auto Limited,Consumer Cyclical,Auto Parts,15309.0,Mid Cap
JETFREIGHT,Jet Freight Logistics Limited,Industrials,Integrated Freight & Logistics,104.0,Small Cap
JGCHEM,J.G. Chemicals Limited,Basic Materials,Other Industrial Metals & Mining,2271.0,Small Cap
JHS,JHS Svendgaard Laboratories Limited,Consumer Defensive,Household & Personal Products,77.0,Small Cap
JINDALPHOT,Jindal Photo Limited,Financial Services,Asset Management,1067.0,Small Cap
JINDALPOLY,Jindal Poly Films Limited,Consumer Cyclical,Packaging & Containers,2855.0,Small Cap
JINDALSAW,Jindal Saw Limited,Basic Materials,Steel,18006.0,Mid Cap
JINDALSTEL,Jindal Steel Limited,Basic Materials,Steel,117316.0,Large Cap
JINDRILL,Jindal Drilling & Industries Limited,Energy,Oil & Gas Equipment & Services,1796.0,Small Cap
JINDWORLD,Jindal Worldwide Limited,Consumer Cyclical,Textile Manufacturing,3514.0,Small Cap
JIOFIN,Jio Financial Services Limited,Financial Services,Asset Management,159202.0,Large Cap
JISLDVREQS,Jain Irrigation Systems Limited,Industrials,Conglomerates,1540.0,Small Cap
JISLJALEQS,Jain Irrigation Systems Limited,Industrials,Conglomerates,2027.0,Small Cap
JITFINFRA,JITF Infralogistics Limited,Industrials,Engineering & Construction,817.0,Small Cap
JKCEMENT,J.K. Cement Limited,Basic Materials,Building Materials,40102.0,Mid Cap
JKIL,J. Kumar Infraprojects Limited,Industrials,Engineering & Construction,3769.0,Small Cap
JKLAKSHMI,JK Lakshmi Cement Limited,Basic Materials,Building Materials,6758.0,Small Cap
JKPAPER,JK Paper Limited,Basic Materials,Paper & Paper Products,7050.0,Small Cap
JKTYRE,JK Tyre & Industries Limited,Consumer Cyclical,Auto Parts,10974.0,Small Cap
JLHL,Jupiter Life Line Hospitals Limited,Healthcare,Medical Care Facilities,9751.0,Small Cap
JMA,Jullundur Motor Agency (Delhi) Limited,Consumer Cyclical,Auto Parts,202.0,Small Cap
JMFINANCIL,JM Financial Limited,Financial Services,Capital Markets,12508.0,Small Cap
JNKINDIA,JNK India Limited,Industrials,Specialty Industrial Machinery,2543.0,Small Cap
JNPR,Juniper Green Energy Limited,Utilities,Utilities - Renewable,14705.0,Small Cap
JPOLYINVST,Jindal Poly Investment and Finance Company Limited,Financial Services,Asset Management,1004.0,Small Cap
JPPOWER,Jaiprakash Power Ventures Limited,Utilities,Utilities - Independent Power Producers,11637.0,Small Cap
JSFB,Jana Small Finance Bank Limited,Financial Services,Banks - Regional,6030.0,Small Cap
JSL,Jindal Stainless Limited,Basic Materials,Steel,57718.0,Large Cap
JSLL,Jeena Sikho Lifecare Limited,Healthcare,Medical Care Facilities,6394.0,Small Cap
JSWCEMENT,,Basic Materials,Building Materials,16790.0,Mid Cap
JSWDULUX,JSW Dulux Limited,Unknown,Unknown,14217.0,Small Cap
JSWENERGY,JSW Energy Limited,Utilities,Utilities - Independent Power Producers,99095.0,Large Cap
JSWHL,JSW Holdings Limited,Financial Services,Asset Management,12368.0,Small Cap
JSWINFRA,JSW Infrastructure Limited,Industrials,Marine Shipping,79549.0,Large Cap
JSWSTEEL,JSW Steel Limited,Basic Materials,Steel,320745.0,Large Cap
JTEKTINDIA,JTEKT India Limited,Consumer Cyclical,Auto Parts,3487.0,Small Cap
JTLIND,JTL Industries Limited,Basic Materials,Steel,3092.0,Small Cap
JUBLCPL,Jubilant Agri and Consumer Products Limited,Basic Materials,Specialty Chemicals,3265.0,Small Cap
JUBLFOOD,Jubilant FoodWorks Limited,Consumer Cyclical,Restaurants,33387.0,Mid Cap
JUBLINGREA,Jubilant Ingrevia Limited,Basic Materials,Specialty Chemicals,11190.0,Small Cap
JUBLPHARMA,Jubilant Pharmova Limited,Healthcare,Drug Manufacturers - Specialty & Generic,14412.0,Small Cap
JUNIPER,Juniper Hotels Limited,Consumer Cyclical,Lodging,4607.0,Small Cap
JUSTDIAL,Just Dial Limited,Communication Services,Internet Content & Information,5585.0,Small Cap
JWL,Jupiter Wagons Limited,Industrials,Railroads,10509.0,Small Cap
JYOTHYLAB,Jyothy Labs Limited,Consumer Defensive,Household & Personal Products,7781.0,Small Cap
JYOTICNC,Jyoti CNC Automation Limited,Industrials,Specialty Industrial Machinery,22449.0,Mid Cap
JYOTISTRUC,Jyoti Structures Limited,Industrials,Specialty Industrial Machinery,1258.0,Small Cap
KABRAEXTRU,Kabra Extrusiontechnik Limited,Industrials,Specialty Industrial Machinery,2084.0,Small Cap
KAJARIACER,Kajaria Ceramics Limited,Industrials,Building Products & Equipment,19234.0,Mid Cap
KALAMANDIR,Sai Silks (Kalamandir) Limited,Consumer Cyclical,Apparel Retail,1283.0,Small Cap
KALPATARU,,Real Estate,Real Estate - Development,5856.0,Small Cap
KALYANIFRG,Kalyani Forge Limited,Consumer Cyclical,Auto Parts,247.0,Small Cap
KALYANKJIL,Kalyan Jewellers India Limited,Consumer Cyclical,Luxury Goods,62987.0,Large Cap
KAMAHOLD,KAMA Holdings Limited,Industrials,Conglomerates,,Unknown
KAMATHOTEL,Kamat Hotels (India) Limited,Consumer Cyclical,Lodging,658.0,Small Cap
KAMOPAINTS,Kamdhenu Ventures Limited,Basic Materials,Steel,152.0,Small Cap
KANANIIND,Kanani Industries Limited,Consumer Cyclical,Luxury Goods,29.0,Small Cap
KANPRPLA,Kanpur Plastipack Limited,Consumer Cyclical,Packaging & Containers,681.0,Small Cap
KANSAINER,Kansai Nerolac Paints Limited,Basic Materials,Specialty Chemicals,16134.0,Mid Cap
KAPSTON,Kapston Services Limited,Industrials,Specialty Business Services,1543.0,Small Cap
KARMAENG,Karma Energy Limited,Utilities,Utilities - Renewable,45.0,Small Cap
KARURVYSYA,The Karur Vysya Bank Limited,Financial Services,Banks - Regional,33539.0,Mid Cap
KAVDEFENCE,,Technology,Communication Equipment,359.0,Small Cap
KAYA,Kaya Limited,Consumer Defensive,Household & Personal Products,541.0,Small Cap
KAYNES,Kaynes Technology India Limited,Technology,Electronic Components,26368.0,Mid Cap
KCP,The KCP Limited,Basic Materials,Building Materials,2269.0,Small Cap
KCPSUGIND,K.C.P. Sugar and Industries Corporation Limited,Consumer Defensive,Confectioners,382.0,Small Cap
KDDL,KDDL Limited,Consumer Cyclical,Luxury Goods,4867.0,Small Cap
KEC,KEC International Limited,Industrials,Engineering & Construction,11352.0,Small Cap
KECL,Kirloskar Electric Company Limited,Industrials,Specialty Industrial Machinery,864.0,Small Cap
KEEPLEARN,DSJ Keep Learning Limited,Consumer Defensive,Education & Training Services,30.0,Small Cap
KEI,KEI Industries Limited,Industrials,Electrical Equipment & Parts,52922.0,Large Cap
KELLTONTEC,Kellton Tech Solutions Limited,Technology,Software - Application,726.0,Small Cap
KENNAMET,Kennametal India Limited,Industrials,Tools & Accessories,9092.0,Small Cap
KERNEX,Kernex Microsystems (India) Limited,Technology,Software - Application,3199.0,Small Cap
KEYFINSERV,Keynote Financial Services Limited,Financial Services,Capital Markets,143.0,Small Cap
KFINTECH,KFin Technologies Limited,Technology,Software - Application,16618.0,Mid Cap
KHAICHEM,Khaitan Chemicals and Fertilizers Limited,Basic Materials,Agricultural Inputs,559.0,Small Cap
KHAITANLTD,Khaitan (India) Limited,Industrials,Industrial Distribution,74.0,Small Cap
KHANDSE,Khandwala Securities Limited,Financial Services,Capital Markets,27.0,Small Cap
KICL,Kalyani Investment Company Limited,Financial Services,Asset Management,2310.0,Small Cap
KIMS,Krishna Institute of Medical Sciences Limited,Healthcare,Medical Care Facilities,30947.0,Mid Cap
KINGFA,Kingfa Science & Technology (India) Limited,Basic Materials,Specialty Chemicals,7989.0,Small Cap
KIOCL,KIOCL Limited,Basic Materials,Steel,23158.0,Mid Cap
KIRANVYPAR,Kiran Vyapar Limited,Financial Services,Capital Markets,,Unknown
KIRIINDUS,Kiri Industries Limited,Basic Materials,Specialty Chemicals,3289.0,Small Cap
KIRLFER,Kirloskar Ferrous Industries Limited,Industrials,Metal Fabrication,7284.0,Small Cap
KIRLOSBROS,Kirloskar Brothers Limited,Industrials,Specialty Industrial Machinery,15065.0,Mid Cap
KIRLOSENG,Kirloskar Oil Engines Limited,Industrials,Specialty Industrial Machinery,29657.0,Mid Cap
KIRLOSIND,Kirloskar Industries Limited,Industrials,Metal Fabrication,3881.0,Small Cap
KIRLPNU,Kirloskar Pneumatic Company Limited,Industrials,Specialty Industrial Machinery,9370.0,Small Cap
KISSHT,OnEMI Technology Solutions Limited,Financial Services,Credit Services,5215.0,Small Cap
KITEX,Kitex Garments Limited,Consumer Cyclical,Apparel Manufacturing,2520.0,Small Cap
KKCL,Kewal Kiran Clothing Limited,Consumer Cyclical,Apparel Manufacturing,3182.0,Small Cap
KLBRENG-B,Kilburn Engineering Limited,Industrials,Specialty Industrial Machinery,,Unknown
KMEW,Knowledge Marine & Engineering Works Limited,Industrials,Marine Shipping,6621.0,Small Cap
KMSUGAR,K.M. Sugar Mills Limited,Consumer Defensive,Confectioners,299.0,Small Cap
KNACK,Knack Packaging Limited,Consumer Cyclical,Packaging & Containers,2424.0,Small Cap
KNAGRI,KN Agri Resources Limited,Consumer Defensive,Farm Products,548.0,Small Cap
KNRCON,KNR Constructions Limited,Industrials,Engineering & Construction,3470.0,Small Cap
KOHINOOR,Kohinoor Foods Limited,Consumer Defensive,Packaged Foods,133.0,Small Cap
KOKUYOCMLN,Kokuyo Camlin Limited,Industrials,Business Equipment & Supplies,795.0,Small Cap
KOLTEPATIL,Kolte-Patil Developers Limited,Real Estate,Real Estate - Development,4087.0,Small Cap
KOTAKBANK,Kotak Mahindra Bank Limited,Financial Services,Banks - Regional,398404.0,Large Cap
KOTARISUG,Kothari Sugars and Chemicals Limited,Consumer Defensive,Confectioners,292.0,Small Cap
KOTHARIPET,Kothari Petrochemicals Limited,Basic Materials,Specialty Chemicals,786.0,Small Cap
KOTHARIPRO,Kothari Products Limited,Industrials,Conglomerates,408.0,Small Cap
KOTIC,Kothari Industrial Corporation Limited,Basic Materials,Agricultural Inputs,,Unknown
KOVAI,Kovai Medical Center and Hospital Limited,Healthcare,Medical Care Facilities,6529.0,Small Cap
KPEL,K.P. Energy Limited,Industrials,Engineering & Construction,1714.0,Small Cap
KPIGREEN,KPI Green Energy Limited,Utilities,Utilities - Renewable,6288.0,Small Cap
KPIL,Kalpataru Projects International Limited,Industrials,Engineering & Construction,23676.0,Mid Cap
KPITTECH,KPIT Technologies Limited,Technology,Software - Infrastructure,15865.0,Mid Cap
KPL,Kwality Pharmaceuticals Limited,Healthcare,Drug Manufacturers - Specialty & Generic,,Unknown
KPRMILL,K.P.R. Mill Limited,Consumer Cyclical,Textile Manufacturing,38212.0,Mid Cap
KRBL,KRBL Limited,Consumer Defensive,Packaged Foods,9663.0,Small Cap
KREBSBIO,Krebs Biochemicals & Industries Limited,Healthcare,Drug Manufacturers - Specialty & Generic,115.0,Small Cap
KRISHANA,Krishana Phoschem Limited,Basic Materials,Agricultural Inputs,6236.0,Small Cap
KRISHIVAL,,Consumer Defensive,Packaged Foods,1039.0,Small Cap
KRISHNADEF,,Industrials,Specialty Industrial Machinery,1548.0,Small Cap
KRITI,Kriti Industries (India) Limited,Industrials,Building Products & Equipment,344.0,Small Cap
KRITIKA,Kritika Wires Limited,Basic Materials,Steel,146.0,Small Cap
KRITINUT,Kriti Nutrients Limited,Consumer Defensive,Packaged Foods,447.0,Small Cap
KRONOX,Kronox Lab Sciences Limited,Basic Materials,Specialty Chemicals,690.0,Small Cap
KROSS,Kross Limited,Consumer Cyclical,Auto Parts,1353.0,Small Cap
KRSNAA,Krsnaa Diagnostics Limited,Healthcare,Diagnostics & Research,1819.0,Small Cap
KRYSTAL,Krystal Integrated Services Limited,Industrials,Specialty Business Services,876.0,Small Cap
KSB,KSB Limited,Industrials,Specialty Industrial Machinery,13949.0,Small Cap
KSCL,Kaveri Seed Company Limited,Basic Materials,Agricultural Inputs,4015.0,Small Cap
KSHINTL,KSH International Limited,Industrials,Electrical Equipment & Parts,6605.0,Small Cap
KSL,Kalyani Steels Limited,Basic Materials,Steel,3810.0,Small Cap
KSOLVES,Ksolves India Limited,Technology,Software - Application,649.0,Small Cap
KSR,KSR Footwear Limited,Consumer Cyclical,Footwear & Accessories,54.0,Small Cap
KTKBANK,The Karnataka Bank Limited,Financial Services,Banks - Regional,12624.0,Small Cap
KUANTUM,Kuantum Papers Limited,Basic Materials,Paper & Paper Products,631.0,Small Cap
KUSUMGAR,,Consumer Cyclical,Textile Manufacturing,,Unknown
KWIL,Kwality Walls (India) Limited,Consumer Defensive,Packaged Foods,11139.0,Small Cap
LAGNAM,Lagnam Spintex Limited,Consumer Cyclical,Textile Manufacturing,134.0,Small Cap
LAHOTIOV,Lahoti Overseas Limited,Consumer Cyclical,Textile Manufacturing,,Unknown
LAL,Lorenzini Apparels Limited,Consumer Cyclical,Apparel Manufacturing,154.0,Small Cap
LALPATHLAB,Dr. Lal PathLabs Limited,Healthcare,Diagnostics & Research,31940.0,Mid Cap
LAMBODHARA,Lambodhara Textiles Limited,Consumer Cyclical,Textile Manufacturing,137.0,Small Cap
LANCORHOL,Lancor Holdings Limited,Real Estate,Real Estate - Development,234.0,Small Cap
LANDMARK,Landmark Cars Limited,Consumer Cyclical,Auto & Truck Dealerships,2211.0,Small Cap
LANDSMILL,Landsmill Green Limited,Industrials,Conglomerates,100.0,Small Cap
LAOPALA,La Opala RG Limited,Consumer Cyclical,"Furnishings, Fixtures & Appliances",1857.0,Small Cap
LASA,Lasa Supergenerics Limited,Healthcare,Drug Manufacturers - Specialty & Generic,36.0,Small Cap
LASERPOWER,,Industrials,Electrical Equipment & Parts,4692.0,Small Cap
LATENTVIEW,Latent View Analytics Limited,Industrials,Consulting Services,5760.0,Small Cap
LAURUSLABS,Laurus Labs Limited,Healthcare,Drug Manufacturers - Specialty & Generic,100612.0,Large Cap
LAXMICOT,Laxmi Cotspin Limited,Consumer Cyclical,Textile Manufacturing,24.0,Small Cap
LAXMIDENTL,,Healthcare,Medical Instruments & Supplies,1062.0,Small Cap
LCCINFOTEC,LCC Infotech Limited,Consumer Defensive,Education & Training Services,43.0,Small Cap
LCL,Lohia Corp Limited,Industrials,Specialty Industrial Machinery,3086.0,Small Cap
LEMERITE,,Consumer Cyclical,Textile Manufacturing,288.0,Small Cap
LEMONTREE,Lemon Tree Hotels Limited,Consumer Cyclical,Lodging,8596.0,Small Cap
LENSKART,,Healthcare,Medical Instruments & Supplies,115323.0,Large Cap
LEXUS,Lexus Granito (India) Limited,Industrials,Building Products & Equipment,27.0,Small Cap
LFIC,Lakshmi Finance & Industrial Corporation Limited,Financial Services,Asset Management,41.0,Small Cap
LGBBROSLTD,L.G. Balakrishnan & Bros Limited,Consumer Cyclical,Auto Parts,5137.0,Small Cap
LGEINDIA,,Technology,Consumer Electronics,114889.0,Large Cap
LGHL,Laxmi Goldorna House Limited,Consumer Cyclical,Luxury Goods,881.0,Small Cap
LIBAS,Libas Consumer Products Limited,Consumer Cyclical,Apparel Manufacturing,27.0,Small Cap
LIBERTSHOE,Liberty Shoes Ltd.,Consumer Cyclical,Footwear & Accessories,418.0,Small Cap
LICHSGFIN,LIC Housing Finance Limited,Financial Services,Mortgage Finance,27437.0,Mid Cap
LICI,Life Insurance Corporation of India,Financial Services,Insurance - Life,535664.0,Large Cap
LIKHITHA,Likhitha Infrastructure Limited,Energy,Oil & Gas Equipment & Services,822.0,Small Cap
LINC,Linc Limited,Industrials,Business Equipment & Supplies,574.0,Small Cap
LINCOLN,Lincoln Pharmaceuticals Limited,Healthcare,Drug Manufacturers - Specialty & Generic,1243.0,Small Cap
LINDEINDIA,Linde India Limited,Basic Materials,Specialty Chemicals,55307.0,Large Cap
LLOYDSENGG,Lloyds Engineering Works Limited,Industrials,Specialty Industrial Machinery,13258.0,Small Cap
LLOYDSENT,Lloyds Enterprises Limited,Basic Materials,Steel,11202.0,Small Cap
LLOYDSME,Lloyds Metals and Energy Limited,Basic Materials,Steel,103224.0,Large Cap
LMW,LMW Limited,Industrials,Specialty Industrial Machinery,20705.0,Mid Cap
LODHA,Lodha Developers Limited,Real Estate,Real Estate - Development,126844.0,Large Cap
LORDSCHLO,Lords Chloro Alkali Limited,Basic Materials,Chemicals,379.0,Small Cap
LOTUSDEV,,Industrials,Engineering & Construction,8797.0,Small Cap
LOTUSEYE,Lotus Eye Hospital and Institute Limited,Healthcare,Medical Care Facilities,239.0,Small Cap
LOVABLE,Lovable Lingerie Limited,Consumer Cyclical,Apparel Manufacturing,105.0,Small Cap
LOYALTEX,Loyal Textile Mills Limited,Consumer Cyclical,Textile Manufacturing,101.0,Small Cap
LPDC,Landmark Property Development Company Limited,Real Estate,Real Estate Services,97.0,Small Cap
LT,Larsen & Toubro Limited,Industrials,Engineering & Construction,563252.0,Large Cap
LTF,L&T Finance Limited,Financial Services,Credit Services,79605.0,Large Cap
LTFOODS,LT Foods Limited,Consumer Defensive,Packaged Foods,15368.0,Mid Cap
LTM,LTM Limited,Technology,Information Technology Services,133959.0,Large Cap
LTTS,L&T Technology Services Limited,Technology,Information Technology Services,37817.0,Mid Cap
LUMAXIND,Lumax Industries Limited,Consumer Cyclical,Auto Parts,5476.0,Small Cap
LUMAXTECH,Lumax Auto Technologies Limited,Consumer Cyclical,Auto Parts,13120.0,Small Cap
LUPIN,Lupin Limited,Healthcare,Drug Manufacturers - Specialty & Generic,99476.0,Large Cap
LUXIND,Lux Industries Limited,Consumer Cyclical,Apparel Manufacturing,3662.0,Small Cap
LXCHEM,Laxmi Organic Industries Limited,Basic Materials,Specialty Chemicals,4713.0,Small Cap
M&M,Mahindra & Mahindra Limited,Consumer Cyclical,Auto Manufacturers,409964.0,Large Cap
M&MFIN,Mahindra & Mahindra Financial Services Limited,Financial Services,Credit Services,52762.0,Large Cap
MAANALU,Maan Aluminium Limited,Basic Materials,Aluminum,713.0,Small Cap
MACPOWER,Macpower CNC Machines Limited,Industrials,Specialty Industrial Machinery,1925.0,Small Cap
MADHAV,Madhav Marbles and Granites Limited,Industrials,Building Products & Equipment,31.0,Small Cap
MADHAVIPL,Madhav Infra Projects Limited,Industrials,Engineering & Construction,,Unknown
MADRASFERT,Madras Fertilizers Limited,Basic Materials,Agricultural Inputs,1128.0,Small Cap
MAFATIND,Mafatlal Industries Limited,Unknown,Unknown,873.0,Small Cap
MAGADSUGAR,Magadh Sugar & Energy Limited,Consumer Defensive,Confectioners,819.0,Small Cap
MAGNUM,Magnum Ventures Limited,Basic Materials,Paper & Paper Products,132.0,Small Cap
MAHABANK,Bank of Maharashtra,Financial Services,Banks - Regional,62732.0,Large Cap
MAHAPEXLTD,Maha Rashtra Apex Corporation Limited,Financial Services,Credit Services,167.0,Small Cap
MAHASTEEL,Mahamaya Steel Industries Limited,Basic Materials,Steel,1972.0,Small Cap
MAHEPC,Mahindra EPC Irrigation Limited,Industrials,Farm & Heavy Construction Machinery,298.0,Small Cap
MAHLIFE,Mahindra Lifespace Developers Limited,Real Estate,Real Estate - Development,8031.0,Small Cap
MAHLOG,Mahindra Logistics Limited,Industrials,Integrated Freight & Logistics,3956.0,Small Cap
MAHSCOOTER,Maharashtra Scooters Ltd.,Financial Services,Asset Management,15149.0,Mid Cap
MAHSEAMLES,Maharashtra Seamless Limited,Basic Materials,Steel,8516.0,Small Cap
MAITHANALL,Maithan Alloys Limited,Basic Materials,Steel,2865.0,Small Cap
MALLCOM,Mallcom (India) Limited,Industrials,Security & Protection Services,601.0,Small Cap
MALUPAPER,Malu Paper Mills Limited,Basic Materials,Paper & Paper Products,56.0,Small Cap
MAMATA,Mamata Machinery Limited,Industrials,Specialty Industrial Machinery,1006.0,Small Cap
MANAKALUCO,Manaksia Aluminium Company Limited,Basic Materials,Aluminum,263.0,Small Cap
MANAKCOAT,Manaksia Coated Metals & Industries Limited,Industrials,Metal Fabrication,1326.0,Small Cap
MANAKSIA,Manaksia Limited,Industrials,Metal Fabrication,375.0,Small Cap
MANAKSTEEL,Manaksia Steels Limited,Basic Materials,Steel,569.0,Small Cap
MANALIPETC,Manali Petrochemicals Limited,Basic Materials,Specialty Chemicals,1291.0,Small Cap
MANAPPURAM,Manappuram Finance Limited,Financial Services,Credit Services,34267.0,Mid Cap
MANBA,Manba Finance Limited,Financial Services,Credit Services,649.0,Small Cap
MANCREDIT,Mangal Credit and Fincorp Limited,Financial Services,Credit Services,469.0,Small Cap
MANGALAM,Mangalam Drugs & Organics Limited,Healthcare,Drug Manufacturers - Specialty & Generic,52.0,Small Cap
MANGLMCEM,Mangalam Cement Limited,Basic Materials,Building Materials,2879.0,Small Cap
MANINDS,Man Industries (India) Limited,Basic Materials,Steel,5360.0,Small Cap
MANINFRA,Man Infraconstruction Limited,Industrials,Engineering & Construction,4576.0,Small Cap
MANIPALHOS,,Healthcare,Medical Care Facilities,100002.0,Large Cap
MANKIND,Mankind Pharma Limited,Healthcare,Drug Manufacturers - Specialty & Generic,97203.0,Large Cap
MANOMAY,Manomay Tex India Limited,Consumer Cyclical,Textile Manufacturing,390.0,Small Cap
MANORAMA,Manorama Industries Limited,Consumer Defensive,Packaged Foods,12134.0,Small Cap
MANYAVAR,Vedant Fashions Limited,Consumer Cyclical,Apparel Manufacturing,13118.0,Small Cap
MAPMYINDIA,C. E. Info Systems Limited,Technology,Software - Infrastructure,5252.0,Small Cap
MARATHON,Marathon Nextgen Realty Limited,Real Estate,Real Estate - Development,2762.0,Small Cap
MARICO,Marico Limited,Consumer Defensive,Household & Personal Products,109054.0,Large Cap
MARINE,Marine Electricals (India) Limited,Industrials,Electrical Equipment & Parts,4949.0,Small Cap
MARKOLINES,,Industrials,Infrastructure Operations,379.0,Small Cap
MARKSANS,Marksans Pharma Limited,Healthcare,Drug Manufacturers - General,14424.0,Small Cap
MARSONS,Marsons Limited,Industrials,Electrical Equipment & Parts,2118.0,Small Cap
MARUTI,Maruti Suzuki India Limited,Consumer Cyclical,Auto Manufacturers,426519.0,Large Cap
MASFIN,MAS Financial Services Limited,Financial Services,Credit Services,5420.0,Small Cap
MASTEK,Mastek Limited,Technology,Information Technology Services,5160.0,Small Cap
MASTERTR,Master Trust Limited,Financial Services,Capital Markets,1018.0,Small Cap
MATRIMONY,Matrimony.com Limited,Communication Services,Internet Content & Information,1081.0,Small Cap
MAWANASUG,Mawana Sugars Limited,Consumer Defensive,Confectioners,554.0,Small Cap
MAXESTATES,,Real Estate,Real Estate - Development,9078.0,Small Cap
MAXHEALTH,Max Healthcare Institute Limited,Healthcare,Medical Care Facilities,97328.0,Large Cap
MAXIND,Max India Limited,Healthcare,Medical Care Facilities,853.0,Small Cap
MAYURUNIQ,Mayur Uniquoters Limited,Consumer Cyclical,Textile Manufacturing,3224.0,Small Cap
MAZDOCK,Mazagon Dock Shipbuilders Limited,Industrials,Aerospace & Defense,102902.0,Large Cap
MBAPL,Madhya Bharat Agro Products Limited,Basic Materials,Agricultural Inputs,7443.0,Small Cap
MBEL,M & B Engineering Limited,Industrials,Engineering & Construction,1564.0,Small Cap
MCCHRLS-B,Mac Charles (India) Limited,Industrials,Conglomerates,,Unknown
MCL,M Tek Copper Limited,Basic Materials,Copper,157.0,Small Cap
MCLOUD,Magellanic Cloud Limited,Technology,Information Technology Services,1716.0,Small Cap
MCX,Multi Commodity Exchange of India Limited,Financial Services,Financial Data & Stock Exchanges,83282.0,Large Cap
MEDANTA,Global Health Limited,Healthcare,Medical Care Facilities,37540.0,Mid Cap
MEDIASSIST,,Healthcare,Healthcare Plans,2652.0,Small Cap
MEDICAMEQ,Medicamen Biotech Limited,Healthcare,Drug Manufacturers - Specialty & Generic,318.0,Small Cap
MEDICO,Medico Remedies Limited,Healthcare,Drug Manufacturers - Specialty & Generic,348.0,Small Cap
MEDPLUS,MedPlus Health Services Limited,Healthcare,Pharmaceutical Retailers,8131.0,Small Cap
MEESHO,Meesho Limited,Consumer Cyclical,Internet Retail,96687.0,Large Cap
MEGASTAR,Megastar Foods Limited,Consumer Defensive,Packaged Foods,349.0,Small Cap
MEIL,Mangal Electrical Industries Limited,Industrials,Electrical Equipment & Parts,761.0,Small Cap
MENNPIS,Menon Pistons Limited,Consumer Cyclical,Auto Parts,,Unknown
MERCANTILE,Mercantile Ventures Limited,Real Estate,Real Estate Services,,Unknown
MERCURYEV,Mercury Ev-Tech Limited,Consumer Cyclical,Auto Manufacturers,728.0,Small Cap
METROBRAND,Metro Brands Limited,Consumer Cyclical,Apparel Retail,25109.0,Mid Cap
METROGLOBL,MetroGlobal Limited,Industrials,Conglomerates,173.0,Small Cap
METROPOLIS,Metropolis Healthcare Limited,Healthcare,Diagnostics & Research,11759.0,Small Cap
MFML,Mahalaxmi Fabric Mills Limited,Consumer Cyclical,Textile Manufacturing,21.0,Small Cap
MFSL,Max Financial Services Limited,Financial Services,Insurance - Life,54436.0,Large Cap
MGL,Mahanagar Gas Limited,Utilities,Utilities - Regulated Gas,11010.0,Small Cap
MHLXMIRU,Mahalaxmi Rubtech Limited,Consumer Cyclical,Textile Manufacturing,196.0,Small Cap
MHRIL,Mahindra Holidays & Resorts India Limited,Consumer Cyclical,Resorts & Casinos,4410.0,Small Cap
MIDHANI,Mishra Dhatu Nigam Limited,Basic Materials,Steel,7718.0,Small Cap
MIDWESTLTD,,Basic Materials,Building Materials,4149.0,Small Cap
MINDACORP,Minda Corporation Limited,Consumer Cyclical,Auto Parts,16645.0,Mid Cap
MINDTECK,Mindteck (India) Limited,Technology,Information Technology Services,536.0,Small Cap
MIRZAINT,Mirza International Limited,Consumer Cyclical,Footwear & Accessories,448.0,Small Cap
MITTAL,Mittal Life Style Limited,Consumer Cyclical,Textile Manufacturing,39.0,Small Cap
MKPL,M. K. Proteins Limited,Consumer Defensive,Packaged Foods,155.0,Small Cap
MMFL,M M Forgings Limited,Industrials,Metal Fabrication,3055.0,Small Cap
MMP,MMP Industries Limited,Basic Materials,Aluminum,998.0,Small Cap
MMTC,MMTC Limited,Industrials,Conglomerates,9606.0,Small Cap
MOBIKWIK,,Technology,Software - Infrastructure,1533.0,Small Cap
MODIRUBBER,Modi Rubber Limited,Real Estate,Real Estate Services,345.0,Small Cap
MODIS,Modi's Navnirman Limited,Real Estate,Real Estate - Development,739.0,Small Cap
MODTHREAD,Modern Threads (India) Limited,Consumer Cyclical,Textile Manufacturing,188.0,Small Cap
MOHITIND,Mohit Industries Limited,Consumer Cyclical,Textile Manufacturing,34.0,Small Cap
MOIL,MOIL Limited,Basic Materials,Other Industrial Metals & Mining,5177.0,Small Cap
MOKSH,Moksh Ornaments Limited,Consumer Cyclical,Luxury Goods,85.0,Small Cap
MOL,Meghmani Organics Limited,Basic Materials,Agricultural Inputs,1581.0,Small Cap
MOLDTECH,Mold-Tek Technologies Limited,Industrials,Engineering & Construction,552.0,Small Cap
MOLDTKPAC,Mold-Tek Packaging Limited,Consumer Cyclical,Packaging & Containers,2353.0,Small Cap
MONARCH,Monarch Networth Capital Limited,Financial Services,Capital Markets,3030.0,Small Cap
MONEYBOXX,Moneyboxx Finance Limited,Financial Services,Credit Services,394.0,Small Cap
MONTECARLO,Monte Carlo Fashions Limited,Consumer Cyclical,Apparel Manufacturing,1149.0,Small Cap
MOREPENLAB,Morepen Laboratories Limited,Healthcare,Drug Manufacturers - Specialty & Generic,5145.0,Small Cap
MOSCHIP,MosChip Technologies Limited,Technology,Semiconductor Equipment & Materials,3986.0,Small Cap
MOTHERSON,Samvardhana Motherson International Limited,Consumer Cyclical,Auto Parts,174323.0,Large Cap
MOTILALOFS,Motilal Oswal Financial Services Limited,Financial Services,Capital Markets,60627.0,Large Cap
MOTISONS,,Consumer Cyclical,Luxury Goods,1848.0,Small Cap
MPHASIS,Mphasis Limited,Technology,Information Technology Services,45983.0,Mid Cap
MPSLTD,MPS Limited,Communication Services,Publishing,4583.0,Small Cap
MRF,MRF Limited,Consumer Cyclical,Auto Parts,56407.0,Large Cap
MRPL,Mangalore Refinery and Petrochemicals Limited,Energy,Oil & Gas Refining & Marketing,30075.0,Mid Cap
MSPL,MSP Steel & Power Limited,Basic Materials,Steel,1892.0,Small Cap
MSTCLTD,MSTC Limited,Industrials,Conglomerates,5115.0,Small Cap
MSUMI,Motherson Sumi Wiring India Limited,Consumer Cyclical,Auto Parts,24312.0,Mid Cap
MTNL,Mahanagar Telephone Nigam Limited,Communication Services,Telecom Services,1679.0,Small Cap
MUFIN,Mufin Green Finance Limited,Financial Services,Credit Services,2741.0,Small Cap
MUFTI,Credo Brands Marketing Limited,Consumer Cyclical,Apparel Retail,499.0,Small Cap
MUKANDLTD,Mukand Limited,Basic Materials,Steel,1947.0,Small Cap
MUKKA,Mukka Proteins Limited,Consumer Defensive,Packaged Foods,781.0,Small Cap
MUNJALAU,Munjal Auto Industries Limited,Consumer Cyclical,Auto Parts,1127.0,Small Cap
MUNJALSHOW,Munjal Showa Limited,Consumer Cyclical,Auto Parts,526.0,Small Cap
MURUDCERA,Murudeshwar Ceramics Ltd.,Industrials,Building Products & Equipment,185.0,Small Cap
MUTHOOTCAP,Muthoot Capital Services Limited,Financial Services,Credit Services,405.0,Small Cap
MUTHOOTFIN,Muthoot Finance Limited,Financial Services,Credit Services,128879.0,Large Cap
MUTHOOTMF,,Financial Services,Credit Services,3547.0,Small Cap
MVELECTRO,,Industrials,Electrical Equipment & Parts,1561.0,Small Cap
MVGJL,Manoj Vaibhav Gems 'N' Jewellers Limited,Consumer Cyclical,Luxury Goods,737.0,Small Cap
MWL,Mangalam Worldwide Limited,Basic Materials,Steel,1195.0,Small Cap
NACLIND,NACL Industries Limited,Basic Materials,Agricultural Inputs,4253.0,Small Cap
NAGREEKCAP,Nagreeka Capital & Infrastructure Ltd.,Financial Services,Asset Management,30.0,Small Cap
NAGREEKEXP,Nagreeka Exports Limited,Consumer Cyclical,Textile Manufacturing,70.0,Small Cap
NAHARCAP,Nahar Capital and Financial Services Limited,Financial Services,Capital Markets,431.0,Small Cap
NAHARINDUS,Nahar Industrial Enterprises Limited,Consumer Cyclical,Textile Manufacturing,590.0,Small Cap
NAHARPOLY,Nahar Poly Films Limited,Consumer Cyclical,Packaging & Containers,600.0,Small Cap
NAHARSPING,Nahar Spinning Mills Limited,Consumer Cyclical,Textile Manufacturing,1065.0,Small Cap
NAM-INDIA,Nippon Life India Asset Management Limited,Financial Services,Asset Management,78367.0,Large Cap
NARMADA,Narmada Agrobase Limited,Basic Materials,Agricultural Inputs,107.0,Small Cap
NATCAPSUQ,Natural Capsules Limited,Healthcare,Drug Manufacturers - Specialty & Generic,173.0,Small Cap
NATCOPHARM,NATCO Pharma Limited,Healthcare,Drug Manufacturers - Specialty & Generic,15794.0,Mid Cap
NATHBIOGEN,Nath Bio-Genes (India) Limited,Basic Materials,Agricultural Inputs,291.0,Small Cap
NATIONALUM,National Aluminium Company Limited,Basic Materials,Aluminum,72483.0,Large Cap
NATIONSTD,National Standard (India) Limited,Real Estate,Real Estate - Development,,Unknown
NAUKRI,Info Edge (India) Limited,Communication Services,Internet Content & Information,86169.0,Large Cap
NAVA,Nava Limited,Industrials,Conglomerates,15841.0,Mid Cap
NAVINFLUOR,Navin Fluorine International Limited,Basic Materials,Chemicals,41751.0,Mid Cap
NAVKARCORP,Navkar Corporation Limited,Industrials,Integrated Freight & Logistics,1456.0,Small Cap
NAVNETEDUL,Navneet Education Limited,Communication Services,Publishing,2955.0,Small Cap
NAZARA,Nazara Technologies Limited,Communication Services,Electronic Gaming & Multimedia,13770.0,Small Cap
NBCC,NBCC (India) Limited,Industrials,Engineering & Construction,23860.0,Mid Cap
NBIFIN,N.B.I. Industrial Finance Company Limited,Financial Services,Capital Markets,589.0,Small Cap
NCC,NCC Limited,Industrials,Engineering & Construction,9235.0,Small Cap
NCLIND,NCL Industries Limited,Basic Materials,Building Materials,788.0,Small Cap
NDGL,Naga Dhunseri Group Limited,Financial Services,Capital Markets,268.0,Small Cap
NDL,Nandan Denim Limited,Consumer Cyclical,Textile Manufacturing,435.0,Small Cap
NDLVENTURE,NDL Ventures Limited,Communication Services,Entertainment,415.0,Small Cap
NDRAUTO,NDR Auto Components Limited,Consumer Cyclical,Auto Parts,1747.0,Small Cap
NDTV,New Delhi Television Limited,Communication Services,Broadcasting,843.0,Small Cap
NEAGI,Neelamalai Agro Industries Limited,Consumer Defensive,Farm Products,,Unknown
NELCAST,Nelcast Limited,Industrials,Metal Fabrication,1012.0,Small Cap
NELCO,Nelco Limited,Technology,Communication Equipment,2088.0,Small Cap
NEOGEN,Neogen Chemicals Limited,Basic Materials,Specialty Chemicals,5828.0,Small Cap
NEPHROPLUS,,Healthcare,Medical Care Facilities,7069.0,Small Cap
NESCO,Nesco Limited,Industrials,Conglomerates,7295.0,Small Cap
NESTLEIND,Nestlé India Limited,Consumer Defensive,Packaged Foods,281727.0,Large Cap
NETWEB,Netweb Technologies India Limited,Technology,Computer Hardware,30971.0,Mid Cap
NETWORK18,Network18 Media & Investments Limited,Communication Services,Entertainment,4646.0,Small Cap
NEULANDLAB,Neuland Laboratories Limited,Healthcare,Drug Manufacturers - Specialty & Generic,29439.0,Mid Cap
NEWGEN,Newgen Software Technologies Limited,Technology,Software - Infrastructure,7371.0,Small Cap
NEXTMEDIA,Next Mediaworks Limited,Communication Services,Broadcasting,26.0,Small Cap
NFL,National Fertilizers Limited,Basic Materials,Agricultural Inputs,3600.0,Small Cap
NGLFINE,NGL Fine-Chem Limited,Healthcare,Drug Manufacturers - General,1733.0,Small Cap
NH,Narayana Hrudayalaya Limited,Healthcare,Medical Care Facilities,38248.0,Mid Cap
NHPC,NHPC Limited,Utilities,Utilities - Renewable,76624.0,Large Cap
NIACL,The New India Assurance Company Limited,Financial Services,Insurance - Diversified,30671.0,Mid Cap
NIBE,Nibe Limited,Industrials,Conglomerates,2168.0,Small Cap
NIBL,NRB Industrial Bearings Limited,Industrials,Tools & Accessories,76.0,Small Cap
NIITLTD,NIIT Limited,Consumer Defensive,Education & Training Services,1394.0,Small Cap
NIITMTS,NIIT Learning Systems Limited,Consumer Defensive,Education & Training Services,3149.0,Small Cap
NILAINFRA,Nila Infrastructures Limited,Real Estate,Real Estate - Development,274.0,Small Cap
NILASPACES,Nila Spaces Limited,Real Estate,Real Estate - Development,505.0,Small Cap
NILE,Nile Limited,Basic Materials,Other Industrial Metals & Mining,,Unknown
NILKAMAL,Nilkamal Limited,Consumer Cyclical,"Furnishings, Fixtures & Appliances",3039.0,Small Cap
NIPPOBATRY,Indo National Limited,Industrials,Electrical Equipment & Parts,244.0,Small Cap
NIRAJISPAT,Niraj Ispat Industries Limited,Consumer Cyclical,Apparel Manufacturing,13.0,Small Cap
NIRLON,Nirlon Limited,Real Estate,Real Estate Services,5777.0,Small Cap
NITCO,NITCO Limited,Industrials,Building Products & Equipment,2425.0,Small Cap
NITINSPIN,Nitin Spinners Limited,Consumer Cyclical,Textile Manufacturing,3493.0,Small Cap
NITIRAJ,Nitiraj Engineers Limited,Technology,Scientific & Technical Instruments,205.0,Small Cap
NITTAGELA,Nitta Gelatin India Limited,Basic Materials,Specialty Chemicals,1412.0,Small Cap
NIVABUPA,Niva Bupa Health Insurance Company Limited,Financial Services,Insurance - Life,15339.0,Mid Cap
NKIND,N.K Industries Limited,Consumer Defensive,Household & Personal Products,35.0,Small Cap
NLCINDIA,NLC India Limited,Utilities,Utilities - Regulated Electric,37578.0,Mid Cap
NMDC,NMDC Limited,Basic Materials,Steel,75188.0,Large Cap
NOCIL,NOCIL Limited,Basic Materials,Specialty Chemicals,2716.0,Small Cap
NORBTEAEXP,Norben Tea & Exports Limited,Consumer Defensive,Farm Products,110.0,Small Cap
NORTHARC,Northern Arc Capital Limited,Financial Services,Credit Services,4669.0,Small Cap
NOVARTIND,Novartis India Limited,Healthcare,Drug Manufacturers - Specialty & Generic,3643.0,Small Cap
NPST,Network People Services Technologies Limited,Technology,Software - Application,3374.0,Small Cap
NRAIL,N R Agarwal Industries Limited,Basic Materials,Paper & Paper Products,873.0,Small Cap
NRBBEARING,NRB Bearings Limited,Consumer Cyclical,Auto Parts,4568.0,Small Cap
NSIL,Nalwa Sons Investments Limited,Financial Services,Asset Management,2947.0,Small Cap
NSLNISP,NMDC Steel Limited,Basic Materials,Steel,11702.0,Small Cap
NTPC,NTPC Limited,Utilities,Utilities - Regulated Electric,326923.0,Large Cap
NTPCGREEN,,Utilities,Utilities - Renewable,76806.0,Large Cap
NUCLEUS,Nucleus Software Exports Limited,Technology,Software - Application,1935.0,Small Cap
NURECA,Nureca Limited,Healthcare,Medical Devices,294.0,Small Cap
NUVAMA,Nuvama Wealth Management Limited,Financial Services,Asset Management,32258.0,Mid Cap
NUVOCO,Nuvoco Vistas Corporation Limited,Basic Materials,Building Materials,11436.0,Small Cap
NYKAA,FSN E-Commerce Ventures Limited,Consumer Cyclical,Internet Retail,95135.0,Large Cap
OAL,Oriental Aromatics Limited,Basic Materials,Specialty Chemicals,1160.0,Small Cap
OBCL,OBCL Limited,Industrials,Trucking,115.0,Small Cap
OBEROIRLTY,Oberoi Realty Limited,Real Estate,Real Estate - Development,67841.0,Large Cap
OFSS,Oracle Financial Services Software Limited,Technology,Software - Infrastructure,101060.0,Large Cap
OIL,Oil India Limited,Energy,Oil & Gas Integrated,76117.0,Large Cap
OLAELEC,Ola Electric Mobility Limited,Consumer Cyclical,Auto Manufacturers,16044.0,Mid Cap
OLECTRA,Olectra Greentech Limited,Industrials,Farm & Heavy Construction Machinery,10515.0,Small Cap
OMAXAUTO,Omax Autos Limited,Consumer Cyclical,Auto Parts,415.0,Small Cap
OMAXE,Omaxe Limited,Real Estate,Real Estate - Development,1848.0,Small Cap
OMINFRAL,Om Infra Limited,Industrials,Engineering & Construction,803.0,Small Cap
OMNI,Omnitech Engineering Limited,Industrials,Specialty Industrial Machinery,7273.0,Small Cap
OMPOWER,Om Power Transmission Limited,Industrials,Engineering & Construction,,Unknown
ONEPOINT,One Point One Solutions Limited,Industrials,Specialty Business Services,1447.0,Small Cap
ONESOURCE,,Healthcare,Biotechnology,17516.0,Mid Cap
ONGC,Oil and Natural Gas Corporation Limited,Energy,Oil & Gas Integrated,294567.0,Large Cap
ONWARDTEC,Onward Technologies Limited,Technology,Information Technology Services,625.0,Small Cap
OPTIEMUS,Optiemus Infracom Limited,Technology,Electronics & Computer Distribution,5360.0,Small Cap
ORCHASP,Orchasp Limited,Technology,Software - Application,45.0,Small Cap
ORCHPHARMA,Orchid Pharma Limited,Healthcare,Drug Manufacturers - Specialty & Generic,5199.0,Small Cap
ORICONENT,Oricon Enterprises Limited,Consumer Cyclical,Packaging & Containers,885.0,Small Cap
ORIENTALTL,Oriental Trimex Limited,Industrials,Building Products & Equipment,38.0,Small Cap
ORIENTBELL,Orient Bell Limited,Industrials,Building Products & Equipment,547.0,Small Cap
ORIENTCEM,Orient Cement Limited,Basic Materials,Building Materials,2658.0,Small Cap
ORIENTCER,Orient Ceratech Limited,Basic Materials,Specialty Chemicals,523.0,Small Cap
ORIENTELEC,Orient Electric Limited,Consumer Cyclical,"Furnishings, Fixtures & Appliances",3895.0,Small Cap
ORIENTHOT,Oriental Hotels Limited,Consumer Cyclical,Lodging,2527.0,Small Cap
ORIENTPPR,Orient Paper & Industries Limited,Basic Materials,Paper & Paper Products,361.0,Small Cap
ORIENTTECH,,Technology,Information Technology Services,1119.0,Small Cap
ORISSAMINE,The Orissa Minerals Development Company Limited,Basic Materials,Steel,2701.0,Small Cap
ORKLAINDIA,,Consumer Defensive,Packaged Foods,7671.0,Small Cap
OSWALAGRO,Oswal Agro Mills Limited,Real Estate,Real Estate - Development,498.0,Small Cap
OSWALGREEN,Oswal Greentech Limited,Financial Services,Asset Management,542.0,Small Cap
OSWALPUMPS,,Industrials,Electrical Equipment & Parts,3389.0,Small Cap
OSWALSEEDS,ShreeOswal Seeds and Chemicals Limited,Basic Materials,Agricultural Inputs,109.0,Small Cap
PACEDIGITK,Pace Digitek Limited,Technology,Communication Equipment,3912.0,Small Cap
PAGEIND,Page Industries Limited,Consumer Cyclical,Apparel Manufacturing,39267.0,Mid Cap
PAISALO,Paisalo Digital Limited,Financial Services,Credit Services,6307.0,Small Cap
PAKKA,Pakka Limited,Basic Materials,Paper & Paper Products,389.0,Small Cap
PALASHSECU,Palash Securities Limited,Consumer Defensive,Packaged Foods,90.0,Small Cap
PANACEABIO,Panacea Biotec Limited,Healthcare,Biotechnology,2483.0,Small Cap
PANAMAPET,Panama Petrochem Limited,Energy,Oil & Gas Refining & Marketing,2867.0,Small Cap
PANSARI,Pansari Developers Limited,Real Estate,Real Estate - Development,556.0,Small Cap
PAR,Par Drugs and Chemicals Limited,Healthcare,Drug Manufacturers - Specialty & Generic,124.0,Small Cap
PARACABLES,Paramount Communications Limited,Technology,Communication Equipment,2006.0,Small Cap
PARADEEP,Paradeep Phosphates Limited,Basic Materials,Agricultural Inputs,16529.0,Mid Cap
PARAGMILK,Parag Milk Foods Limited,Consumer Defensive,Packaged Foods,3141.0,Small Cap
PARAS,Paras Defence and Space Technologies Limited,Industrials,Aerospace & Defense,11691.0,Small Cap
PARASPETRO,Paras Petrofils Limited,Consumer Cyclical,Textile Manufacturing,74.0,Small Cap
PARKHOSPS,,Healthcare,Medical Care Facilities,12180.0,Small Cap
PARKHOTELS,,Consumer Cyclical,Lodging,2463.0,Small Cap
PASHUPATI,Pashupati Cotspin Limited,Consumer Cyclical,Textile Manufacturing,1366.0,Small Cap
PATANJALI,Patanjali Foods Limited,Consumer Defensive,Packaged Foods,37875.0,Mid Cap
PATELENG,Patel Engineering Limited,Industrials,Engineering & Construction,2708.0,Small Cap
PATELRMART,,Consumer Cyclical,Department Stores,782.0,Small Cap
PAUSHAKLTD,Paushak Limited,Basic Materials,Specialty Chemicals,1848.0,Small Cap
PAVNAIND,Pavna Industries Limited,Consumer Cyclical,Auto Parts,250.0,Small Cap
PAYTM,One97 Communications Limited,Technology,Software - Infrastructure,108864.0,Large Cap
PCBL,PCBL Chemical Limited,Basic Materials,Specialty Chemicals,12548.0,Small Cap
PCJEWELLER,PC Jeweller Limited,Consumer Cyclical,Luxury Goods,10861.0,Small Cap
PDMJEPAPER,Pudumjee Paper Products Limited,Basic Materials,Paper & Paper Products,838.0,Small Cap
PDSL,PDS Limited,Industrials,Specialty Business Services,5147.0,Small Cap
PENIND,Pennar Industries Limited,Industrials,Specialty Industrial Machinery,2128.0,Small Cap
PERSISTENT,Persistent Systems Limited,Technology,Information Technology Services,87708.0,Large Cap
PETRONET,Petronet LNG Limited,Energy,Oil & Gas Refining & Marketing,43890.0,Mid Cap
PFC,Power Finance Corporation Limited,Financial Services,Credit Services,119827.0,Large Cap
PFIZER,Pfizer Limited,Healthcare,Drug Manufacturers - General,21810.0,Mid Cap
PFOCUS,Prime Focus Limited,Communication Services,Entertainment,23414.0,Mid Cap
PFS,PTC India Financial Services Limited,Financial Services,Credit Services,1793.0,Small Cap
PGEL,PG Electroplast Limited,Technology,Electronic Components,17068.0,Mid Cap
PGHH,Procter & Gamble Hygiene and Health Care Limited,Consumer Defensive,Household & Personal Products,26267.0,Mid Cap
PGHL,Procter & Gamble Health Limited,Healthcare,Drug Manufacturers - Specialty & Generic,9690.0,Small Cap
PGIL,Pearl Global Industries Limited,Consumer Cyclical,Apparel Manufacturing,10820.0,Small Cap
PHOENIXLTD,The Phoenix Mills Limited,Real Estate,Real Estate - Diversified,68836.0,Large Cap
PICCADIL,Piccadily Agro Industries Limited,Consumer Defensive,Beverages - Wineries & Distilleries,6644.0,Small Cap
PIDILITIND,Pidilite Industries Limited,Basic Materials,Specialty Chemicals,167044.0,Large Cap
PIGL,Power & Instrumental (Gujarat) Limited,Industrials,Engineering & Construction,220.0,Small Cap
PIIND,PI Industries Limited,Basic Materials,Agricultural Inputs,37449.0,Mid Cap
PILANIINVS,Pilani Investment and Industries Corporation Limited,Financial Services,Asset Management,4844.0,Small Cap
PINELABS,,Technology,Software - Infrastructure,19058.0,Mid Cap
PIONEEREMB,Pioneer Embroideries Limited,Consumer Cyclical,Textile Manufacturing,67.0,Small Cap
PIRAMALFIN,,Financial Services,Credit Services,49314.0,Mid Cap
PITTIENG,Pitti Engineering Limited,Industrials,Metal Fabrication,4179.0,Small Cap
PIXTRANS,PIX Transmissions Limited,Industrials,Specialty Industrial Machinery,2453.0,Small Cap
PKTEA,The Peria Karamalai Tea and Produce Company Limited,Consumer Defensive,Farm Products,241.0,Small Cap
PLASTIBLEN,Plastiblends India Limited,Basic Materials,Specialty Chemicals,496.0,Small Cap
PLATIND,Platinum Industries Limited,Basic Materials,Specialty Chemicals,1134.0,Small Cap
PML,Paul Merchants Limited,Financial Services,Capital Markets,,Unknown
PNB,Punjab National Bank,Financial Services,Banks - Regional,133307.0,Large Cap
PNBGILTS,PNB Gilts Ltd.,Financial Services,Capital Markets,1411.0,Small Cap
PNBHOUSING,PNB Housing Finance Limited,Financial Services,Mortgage Finance,30528.0,Mid Cap
PNC,Pritish Nandy Communications Ltd,Communication Services,Entertainment,26.0,Small Cap
PNCINFRA,PNC Infratech Limited,Industrials,Engineering & Construction,5196.0,Small Cap
PNGJL,P N Gadgil Jewellers Limited,Consumer Cyclical,Luxury Goods,8941.0,Small Cap
PNGSREVA,,Consumer Cyclical,Luxury Goods,1708.0,Small Cap
POCL,Pondy Oxides And Chemicals Limited,Basic Materials,Specialty Chemicals,3828.0,Small Cap
PODDARMENT,Poddar Pigments Limited,Basic Materials,Specialty Chemicals,265.0,Small Cap
POKARNA,Pokarna Limited,Industrials,Building Products & Equipment,2750.0,Small Cap
POLICYBZR,PB Fintech Limited,Financial Services,Insurance Brokers,83020.0,Large Cap
POLYCAB,Polycab India Limited,Industrials,Electrical Equipment & Parts,136468.0,Large Cap
POLYMED,Poly Medicure Limited,Healthcare,Medical Instruments & Supplies,17518.0,Mid Cap
POLYPLEX,Polyplex Corporation Limited,Basic Materials,Specialty Chemicals,3861.0,Small Cap
PONNIERODE,Ponni Sugars (Erode) Limited,Consumer Defensive,Confectioners,348.0,Small Cap
POONAWALLA,Poonawalla Fincorp Limited,Financial Services,Credit Services,41442.0,Mid Cap
POWERGRID,Power Grid Corporation of India Limited,Utilities,Utilities - Regulated Electric,250512.0,Large Cap
POWERICA,,Industrials,Specialty Industrial Machinery,6640.0,Small Cap
POWERINDIA,Hitachi Energy India Limited,Industrials,Electrical Equipment & Parts,148805.0,Large Cap
POWERMECH,Power Mech Projects Limited,Industrials,Engineering & Construction,7942.0,Small Cap
PPLPHARMA,Piramal Pharma Limited,Healthcare,Drug Manufacturers - Specialty & Generic,27435.0,Mid Cap
PRABHA,Prabha Energy Limited,Energy,Oil & Gas E&P,3051.0,Small Cap
PRAENG,Prajay Engineers Syndicate Limited,Real Estate,Real Estate - Development,131.0,Small Cap
PRAJIND,Praj Industries Limited,Industrials,Engineering & Construction,6383.0,Small Cap
PRAKASH,Prakash Industries Limited,Basic Materials,Steel,2299.0,Small Cap
PRAKASHSTL,Prakash Steelage Limited,Basic Materials,Steel,68.0,Small Cap
PRAVEG,Praveg Limited,Communication Services,Advertising Agencies,,Unknown
PRAXIS,Praxis Home Retail Limited,Consumer Cyclical,Specialty Retail,100.0,Small Cap
PRECAM,Precision Camshafts Limited,Consumer Cyclical,Auto Parts,1234.0,Small Cap
PRECOT,Precot Limited,Consumer Cyclical,Textile Manufacturing,828.0,Small Cap
PRECWIRE,Precision Wires India Limited,Industrials,Electrical Equipment & Parts,7480.0,Small Cap
PREMCO,Premco Global Limited,Consumer Cyclical,Textile Manufacturing,,Unknown
PREMEXPLN,Premier Explosives Limited,Basic Materials,Specialty Chemicals,3582.0,Small Cap
PREMIERENE,,Technology,Solar,46535.0,Mid Cap
PREMIERPOL,Premier Polyfilm Ltd.,Basic Materials,Specialty Chemicals,953.0,Small Cap
PRESTIGE,Prestige Estates Projects Limited,Real Estate,Real Estate - Diversified,69477.0,Large Cap
PRICOLLTD,Pricol Limited,Consumer Cyclical,Auto Parts,9658.0,Small Cap
PRIMESECU,Prime Securities Limited,Financial Services,Capital Markets,945.0,Small Cap
PRIMO,Primo Chemicals Limited,Basic Materials,Chemicals,502.0,Small Cap
PRINCEPIPE,Prince Pipes and Fittings Limited,Industrials,Building Products & Equipment,3185.0,Small Cap
PRIVISCL,Privi Speciality Chemicals Limited,Basic Materials,Specialty Chemicals,13468.0,Small Cap
PROSTARM,,Industrials,Electrical Equipment & Parts,795.0,Small Cap
PROTEAN,Protean eGov Technologies Limited,Technology,Information Technology Services,2301.0,Small Cap
PROZONER,Prozone Realty Limited,Real Estate,Real Estate - Diversified,678.0,Small Cap
PRSMJOHNSN,Prism Johnson Limited,Basic Materials,Building Materials,5365.0,Small Cap
PRUDENT,Prudent Corporate Advisory Services Limited,Financial Services,Asset Management,13821.0,Small Cap
PSB,Punjab & Sind Bank,Financial Services,Banks - Regional,16462.0,Mid Cap
PSPPROJECT,PSP Projects Limited,Industrials,Engineering & Construction,3575.0,Small Cap
PTC,PTC India Limited,Utilities,Utilities - Independent Power Producers,4653.0,Small Cap
PTCIL,PTC Industries Limited,Industrials,Metal Fabrication,31709.0,Mid Cap
PTL,PTL Enterprises Limited,Real Estate,Real Estate Services,510.0,Small Cap
PUNJABCHEM,Punjab Chemicals and Crop Protection Limited,Basic Materials,Chemicals,1334.0,Small Cap
PURVA,Puravankara Limited,Real Estate,Real Estate - Development,5133.0,Small Cap
PVP,PVP Ventures Limited,Industrials,Conglomerates,1365.0,Small Cap
PVRINOX,PVR INOX Limited,Communication Services,Entertainment,12025.0,Small Cap
PVSL,Popular Vehicles and Services Limited,Consumer Cyclical,Auto & Truck Dealerships,758.0,Small Cap
PWL,Physicswallah Limited,Consumer Defensive,Education & Training Services,35443.0,Mid Cap
PYRAMID,Pyramid Technoplast Limited,Consumer Cyclical,Packaging & Containers,605.0,Small Cap
QMSMEDI,QMS Medical Allied Services Limited,Healthcare,Medical Instruments & Supplies,273.0,Small Cap
QUADFUTURE,,Industrials,Railroads,1662.0,Small Cap
QUESS,Quess Corp Limited,Industrials,Staffing & Employment Services,5160.0,Small Cap
QUINT,Quint Digital Limited,Communication Services,Entertainment,,Unknown
RACE,Race Eco Chain Limited,Industrials,Waste Management,176.0,Small Cap
RACLGEAR,RACL Geartech Limited,Consumer Cyclical,Auto Parts,1788.0,Small Cap
RADAAN,Radaan Mediaworks India Limited,Communication Services,Entertainment,16.0,Small Cap
RADHIKAJWE,Radhika Jeweltech Limited,Consumer Cyclical,Luxury Goods,786.0,Small Cap
RADIANTCMS,Radiant Cash Management Services Limited,Industrials,Specialty Business Services,405.0,Small Cap
RADICO,Radico Khaitan Limited,Consumer Defensive,Beverages - Wineries & Distilleries,62031.0,Large Cap
RADIOCITY,Music Broadcast Limited,Communication Services,Broadcasting,231.0,Small Cap
RAILTEL,RailTel Corporation of India Limited,Communication Services,Telecom Services,8945.0,Small Cap
RAIN,Rain Industries Limited,Basic Materials,Specialty Chemicals,6836.0,Small Cap
RAINBOW,Rainbow Children's Medicare Limited,Healthcare,Medical Care Facilities,14688.0,Small Cap
RAJMET,Rajnandini Metal Limited,Basic Materials,Copper,91.0,Small Cap
RAJPALAYAM,Rajapalayam Mills Limited,Unknown,Unknown,753.0,Small Cap
RAJRATAN,Rajratan Global Wire Limited,Basic Materials,Steel,2463.0,Small Cap
RAJSREESUG,Rajshree Sugars & Chemicals Limited,Consumer Defensive,Confectioners,124.0,Small Cap
RAJTV,Raj Television Network Limited,Communication Services,Broadcasting,53.0,Small Cap
RALLIS,Rallis India Limited,Basic Materials,Agricultural Inputs,4109.0,Small Cap
RAMANEWS,Shree Rama Newsprint Limited,Consumer Defensive,Beverages - Non-Alcoholic,473.0,Small Cap
RAMAPHO,Rama Phosphates Limited,Basic Materials,Agricultural Inputs,439.0,Small Cap
RAMBHAJO,,Consumer Cyclical,Luxury Goods,,Unknown
RAMCOCEM,The Ramco Cements Limited,Basic Materials,Building Materials,21467.0,Mid Cap
RAMCOIND,Ramco Industries Limited,Industrials,Building Products & Equipment,2979.0,Small Cap
RAMCOSYS,Ramco Systems Limited,Technology,Software - Application,2095.0,Small Cap
RAMKY,Ramky Infrastructure Limited,Industrials,Engineering & Construction,2603.0,Small Cap
RAMRAT,Ram Ratna Wires Limited,Industrials,Electrical Equipment & Parts,4574.0,Small Cap
RANASUG,Rana Sugars Limited,Consumer Defensive,Confectioners,234.0,Small Cap
RANEHOLDIN,Rane Holdings Limited,Consumer Cyclical,Auto Parts,2289.0,Small Cap
RATEGAIN,RateGain Travel Technologies Limited,Technology,Software - Application,11217.0,Small Cap
RATNAMANI,Ratnamani Metals & Tubes Limited,Basic Materials,Steel,18925.0,Mid Cap
RATNAVEER,Ratnaveer Precision Engineering Limited,Basic Materials,Steel,1932.0,Small Cap
RAYMOND,Raymond Limited,Industrials,Specialty Industrial Machinery,4157.0,Small Cap
RAYMONDLSL,Raymond Lifestyle Limited,Consumer Cyclical,Apparel Manufacturing,4367.0,Small Cap
RAYMONDREL,Raymond Realty Limited,Real Estate,Real Estate - Development,3874.0,Small Cap
RBA,Restaurant Brands Asia Limited,Consumer Cyclical,Restaurants,7544.0,Small Cap
RBLBANK,RBL Bank Limited,Financial Services,Banks - Regional,59199.0,Large Cap
RBZJEWEL,RBZ Jewellers Limited,Consumer Cyclical,Luxury Goods,571.0,Small Cap
RCF,Rashtriya Chemicals and Fertilizers Limited,Basic Materials,Agricultural Inputs,6937.0,Small Cap
RECLTD,REC Limited,Financial Services,Credit Services,85343.0,Large Cap
REDINGTON,Redington Limited,Technology,Information Technology Services,27452.0,Mid Cap
REDTAPE,REDTAPE Limited,Consumer Cyclical,Footwear & Accessories,6699.0,Small Cap
REFEX,Refex Industries Limited,Energy,Thermal Coal,3943.0,Small Cap
REGENCERAM,Regency Ceramics Limited,Industrials,Building Products & Equipment,89.0,Small Cap
RELAXO,Relaxo Footwears Limited,Consumer Cyclical,Footwear & Accessories,9148.0,Small Cap
RELCHEMQ,Reliance Chemotex Industries Limited,Consumer Cyclical,Textile Manufacturing,86.0,Small Cap
RELIABLE,Reliable Data Services Limited,Technology,Information Technology Services,143.0,Small Cap
RELIANCE,Reliance Industries Limited,Energy,Oil & Gas Refining & Marketing,1763416.0,Large Cap
RELIGARE,Religare Enterprises Limited,Financial Services,Insurance - Life,7882.0,Small Cap
RELTD,Ravindra Energy Limited,Technology,Solar,3167.0,Small Cap
REMSONSIND,Remsons Industries Limited,Consumer Cyclical,Auto Parts,288.0,Small Cap
RENUKA,Shree Renuka Sugars Limited,Consumer Defensive,Confectioners,5240.0,Small Cap
REPCOHOME,Repco Home Finance Limited,Financial Services,Mortgage Finance,2215.0,Small Cap
REPRO,Repro India Limited,Industrials,Specialty Business Services,445.0,Small Cap
RESPONIND,Responsive Industries Limited,Basic Materials,Specialty Chemicals,4092.0,Small Cap
RETAIL,JHS Svendgaard Retail Ventures Limited,Consumer Defensive,Grocery Stores,14.0,Small Cap
RGL,Renaissance Global Limited,Consumer Cyclical,Luxury Goods,1431.0,Small Cap
RHETAN,Rhetan TMT Limited,Basic Materials,Steel,1755.0,Small Cap
RHIM,RHI Magnesita India Limited,Industrials,Metal Fabrication,7635.0,Small Cap
RHL,Robust Hotels Limited,Consumer Cyclical,Lodging,289.0,Small Cap
RICOAUTO,Rico Auto Industries Limited,Consumer Cyclical,Auto Parts,1731.0,Small Cap
RIIL,Reliance Industrial Infrastructure Limited,Industrials,Engineering & Construction,1144.0,Small Cap
RIR,Rir Power Electronics Limited,Technology,Semiconductors,,Unknown
RISHABH,Rishabh Instruments Limited,Technology,Scientific & Technical Instruments,2672.0,Small Cap
RITCO,Ritco Logistics Limited,Industrials,Integrated Freight & Logistics,892.0,Small Cap
RITES,RITES Limited,Industrials,Engineering & Construction,10471.0,Small Cap
RKDL,Ravi Kumar Distilleries Limited,Consumer Defensive,Beverages - Wineries & Distilleries,45.0,Small Cap
RKEC,RKEC Projects Limited,Industrials,Engineering & Construction,53.0,Small Cap
RKFORGE,Ramkrishna Forgings Limited,Industrials,Metal Fabrication,13125.0,Small Cap
RKSWAMY,R K Swamy Limited,Communication Services,Advertising Agencies,479.0,Small Cap
RMC,RMC Switchgears Limited,Industrials,Electrical Equipment & Parts,268.0,Small Cap
RML,Rane (Madras) Limited,Consumer Cyclical,Auto Parts,3115.0,Small Cap
RNBDENIMS,R & B Denims Limited,Consumer Cyclical,Textile Manufacturing,243.0,Small Cap
ROHLTD,Royal Orchid Hotels Limited,Consumer Cyclical,Lodging,833.0,Small Cap
ROLEXRINGS,Rolex Rings Limited,Industrials,Metal Fabrication,4770.0,Small Cap
ROML,Raj Oil Mills Limited,Consumer Defensive,Packaged Foods,64.0,Small Cap
ROSSARI,Rossari Biotech Limited,Basic Materials,Specialty Chemicals,2749.0,Small Cap
ROSSELLIND,Rossell India Limited,Industrials,Conglomerates,217.0,Small Cap
ROSSTECH,Rossell Techsys Limited,Industrials,Aerospace & Defense,3966.0,Small Cap
ROTO,Roto Pumps Limited,Industrials,Specialty Industrial Machinery,1211.0,Small Cap
ROUTE,Route Mobile Limited,Communication Services,Telecom Services,3202.0,Small Cap
RPEL,Raghav Productivity Enhancers Limited,Basic Materials,Chemicals,7435.0,Small Cap
RPGLIFE,RPG Life Sciences Limited,Healthcare,Drug Manufacturers - Specialty & Generic,4253.0,Small Cap
RPOWER,Reliance Power Limited,Utilities,Utilities - Independent Power Producers,9372.0,Small Cap
RPPINFRA,R.P.P. Infra Projects Limited,Industrials,Engineering & Construction,287.0,Small Cap
RPPL,Rajshree Polypack Limited,Consumer Cyclical,Packaging & Containers,175.0,Small Cap
RPSGVENT,RPSG Ventures Limited,Technology,Information Technology Services,2875.0,Small Cap
RPTECH,Rashi Peripherals Limited,Technology,Electronics & Computer Distribution,4989.0,Small Cap
RRIL,RRIL Limited,Consumer Cyclical,Textile Manufacturing,,Unknown
RRKABEL,R R Kabel Limited,Industrials,Electrical Equipment & Parts,32033.0,Mid Cap
RSL,Rajputana Stainless Limited,Basic Materials,Steel,1384.0,Small Cap
RSYSTEMS,R Systems International Limited,Technology,Information Technology Services,2844.0,Small Cap
RTNINDIA,RattanIndia Enterprises Limited,Consumer Cyclical,Internet Retail,4145.0,Small Cap
RTNPOWER,RattanIndia Power Limited,Utilities,Utilities - Independent Power Producers,4178.0,Small Cap
RUBFILA,Rubfila International Limited,Basic Materials,Specialty Chemicals,363.0,Small Cap
RUBICON,Rubicon Research Limited,Healthcare,Drug Manufacturers - General,29370.0,Mid Cap
RUCHINFRA,Ruchi Infrastructure Limited,Industrials,Specialty Business Services,134.0,Small Cap
RUCHIRA,Ruchira Papers Limited,Basic Materials,Paper & Paper Products,307.0,Small Cap
RUDRA,Rudra Global Infra Products Limited,Basic Materials,Steel,215.0,Small Cap
RUPA,Rupa & Company Limited,Consumer Cyclical,Apparel Manufacturing,1193.0,Small Cap
RUSHIL,Rushil Décor Limited,Consumer Cyclical,"Furnishings, Fixtures & Appliances",493.0,Small Cap
RUSTOMJEE,Keystone Realtors Limited,Real Estate,Real Estate - Development,4741.0,Small Cap
RVHL,Ravinder Heights Limited,Real Estate,Real Estate - Development,244.0,Small Cap
RVNL,Rail Vikas Nigam Limited,Industrials,Engineering & Construction,45360.0,Mid Cap
RVTH,Revathi Equipment India Limited,Industrials,Farm & Heavy Construction Machinery,224.0,Small Cap
S&SPOWER,S&S Power Switchgear Limited,Industrials,Electrical Equipment & Parts,425.0,Small Cap
SAATVIKGL,Saatvik Green Energy Limited,Technology,Solar,5352.0,Small Cap
SADBHAV,Sadbhav Engineering Limited,Industrials,Engineering & Construction,138.0,Small Cap
SAFARI,Safari Industries (India) Limited,Consumer Cyclical,Footwear & Accessories,7346.0,Small Cap
SAGARDEEP,Sagardeep Alloys Limited,Basic Materials,Copper,40.0,Small Cap
SAGCEM,Sagar Cements Limited,Basic Materials,Building Materials,2120.0,Small Cap
SAGILITY,Sagility Limited,Healthcare,Health Information Services,20120.0,Mid Cap
SAHLIBHFI,Shalibhadra Finance Limited,Financial Services,Credit Services,224.0,Small Cap
SAHYADRI,Sahyadri Industries Limited,Industrials,Building Products & Equipment,379.0,Small Cap
SAIL,Steel Authority of India Limited,Basic Materials,Steel,76568.0,Large Cap
SAILIFE,Sai Life Sciences Limited,Healthcare,Diagnostics & Research,30677.0,Mid Cap
SAIPARENT,,Healthcare,Drug Manufacturers - General,2318.0,Small Cap
SAKAR,Sakar Healthcare Limited,Healthcare,Drug Manufacturers - Specialty & Generic,1962.0,Small Cap
SAKHTISUG,Sakthi Sugars Limited,Consumer Defensive,Confectioners,256.0,Small Cap
SAKSOFT,Saksoft Limited,Technology,Information Technology Services,2049.0,Small Cap
SAKUMA,Sakuma Exports Limited,Consumer Defensive,Farm Products,256.0,Small Cap
SALASAR,Salasar Techno Engineering Limited,Basic Materials,Steel,1037.0,Small Cap
SALONA,Salona Cotspin Limited,Consumer Cyclical,Textile Manufacturing,143.0,Small Cap
SALSTEEL,S.A.L. Steel Limited,Basic Materials,Steel,1092.0,Small Cap
SALZERELEC,Salzer Electronics Limited,Industrials,Electrical Equipment & Parts,991.0,Small Cap
SAMBHAAV,Sambhaav Media Limited,Communication Services,Publishing,119.0,Small Cap
SAMBHV,Sambhv Steel Tubes Limited,Basic Materials,Steel,3790.0,Small Cap
SAMHI,SAMHI Hotels Limited,Consumer Cyclical,Lodging,3529.0,Small Cap
SAMMAANCAP,Sammaan Capital Limited,Financial Services,Mortgage Finance,17175.0,Mid Cap
SAMPANN,Sampann Utpadan India Limited,Basic Materials,Specialty Chemicals,133.0,Small Cap
SANATHAN,,Consumer Cyclical,Textile Manufacturing,3822.0,Small Cap
SANDESH,The Sandesh Limited,Communication Services,Publishing,780.0,Small Cap
SANDHAR,Sandhar Technologies Limited,Consumer Cyclical,Auto Parts,4103.0,Small Cap
SANDUMA,The Sandur Manganese & Iron Ores Limited,Basic Materials,Steel,9956.0,Small Cap
SANGAMIND,Sangam (India) Limited,Consumer Cyclical,Textile Manufacturing,2765.0,Small Cap
SANGHVIMOV,Sanghvi Movers Limited,Industrials,Rental & Leasing Services,3932.0,Small Cap
SANOFI,Sanofi India Limited,Healthcare,Drug Manufacturers - General,7365.0,Small Cap
SANOFICONR,,Healthcare,Drug Manufacturers - General,9616.0,Small Cap
SANSERA,Sansera Engineering Limited,Consumer Cyclical,Auto Parts,23717.0,Mid Cap
SANSTAR,Sanstar Limited,Basic Materials,Chemicals,2125.0,Small Cap
SAPPHIRE,Sapphire Foods India Limited,Consumer Cyclical,Restaurants,7998.0,Small Cap
SAPPL,Shree Ajit Pulp and Paper Limited,Basic Materials,Paper & Paper Products,,Unknown
SARDAEN,Sarda Energy & Minerals Limited,Basic Materials,Steel,17875.0,Mid Cap
SAREGAMA,Saregama India Limited,Communication Services,Entertainment,9701.0,Small Cap
SARLAPOLY,Sarla Performance Fibers Limited,Consumer Cyclical,Textile Manufacturing,798.0,Small Cap
SARVESHWAR,Sarveshwar Foods Limited,Consumer Defensive,Packaged Foods,430.0,Small Cap
SASKEN,Sasken Technologies Limited,Technology,Information Technology Services,2909.0,Small Cap
SATIA,Satia Industries Limited,Basic Materials,Paper & Paper Products,576.0,Small Cap
SATIN,Satin Creditcare Network Limited,Financial Services,Credit Services,2426.0,Small Cap
SAURASHCEM,Saurashtra Cement Limited,Basic Materials,Building Materials,633.0,Small Cap
SAYAJIHOTL,Sayaji Hotels Limited,Consumer Cyclical,Lodging,590.0,Small Cap
SBC,SBC Exports Limited,Industrials,Conglomerates,1896.0,Small Cap
SBCL,Shivalik Bimetal Controls Limited,Industrials,Metal Fabrication,5877.0,Small Cap
SBFC,SBFC Finance Limited,Financial Services,Credit Services,10244.0,Small Cap
SBGLP,Suratwwala Business Group Limited,Real Estate,Real Estate - Development,421.0,Small Cap
SBICARD,SBI Cards and Payment Services Limited,Financial Services,Credit Services,61633.0,Large Cap
SBIFUNDS,,Financial Services,Asset Management,110172.0,Large Cap
SBILIFE,SBI Life Insurance Company Limited,Financial Services,Insurance - Life,176158.0,Large Cap
SBIN,State Bank of India,Financial Services,Banks - Regional,959892.0,Large Cap
SCHAEFFLER,Schaeffler India Limited,Consumer Cyclical,Auto Parts,62400.0,Large Cap
SCHAND,S Chand And Company Limited,Communication Services,Publishing,476.0,Small Cap
SCHNEIDER,Schneider Electric Infrastructure Limited,Industrials,Electrical Equipment & Parts,27530.0,Mid Cap
SCI,The Shipping Corporation of India Limited,Industrials,Marine Shipping,13427.0,Small Cap
SCILAL,Shipping Corporation of India Land and Assets Limited,Real Estate,Real Estate Services,1863.0,Small Cap
SCODATUBES,Scoda Tubes Limited,Basic Materials,Steel,775.0,Small Cap
SCPL,Sheetal Cool Products Limited,Consumer Defensive,Packaged Foods,686.0,Small Cap
SDBL,Som Distilleries & Breweries Limited,Consumer Defensive,Beverages - Brewers,1510.0,Small Cap
SEAMECLTD,Seamec Limited,Industrials,Marine Shipping,4212.0,Small Cap
SECMARK,SecMark Consultancy Limited,Industrials,Consulting Services,140.0,Small Cap
SECURKLOUD,SecureKloud Technologies Limited,Technology,Software - Application,60.0,Small Cap
SEDEMAC,SEDEMAC Mechatronics Limited,Consumer Cyclical,Auto Parts,13675.0,Small Cap
SEIL,Shanti Educational Initiatives Limited,Consumer Defensive,Education & Training Services,3349.0,Small Cap
SELMC,SEL Manufacturing Company Limited,Consumer Cyclical,Textile Manufacturing,93.0,Small Cap
SENCO,Senco Gold Limited,Consumer Cyclical,Luxury Goods,6014.0,Small Cap
SENORES,Senores Pharmaceuticals Limited,Healthcare,Drug Manufacturers - General,6848.0,Small Cap
SEPC,SEPC Limited,Industrials,Engineering & Construction,1121.0,Small Cap
SERVOTECH,Servotech Renewable Power System Limited,Industrials,Electrical Equipment & Parts,1837.0,Small Cap
SESHAPAPER,Seshasayee Paper and Boards Limited,Basic Materials,Paper & Paper Products,1435.0,Small Cap
SETL,Standard Engineering Technology Limited,Industrials,Specialty Industrial Machinery,6332.0,Small Cap
SFL,Sheela Foam Limited,Consumer Cyclical,"Furnishings, Fixtures & Appliances",7037.0,Small Cap
SGFIN,SG Finserve Limited,Financial Services,Capital Markets,4575.0,Small Cap
SGIL,Synergy Green Industries Limited,Industrials,Metal Fabrication,893.0,Small Cap
SGL,STL Global Limited,Consumer Cyclical,Textile Manufacturing,27.0,Small Cap
SGMART,SG Mart Limited,Industrials,Industrial Distribution,10606.0,Small Cap
SHADOWFAX,,Industrials,Integrated Freight & Logistics,15123.0,Mid Cap
SHAH,Shah Metacorp Limited,Basic Materials,Steel,327.0,Small Cap
SHAHALLOYS,Shah Alloys Limited,Basic Materials,Steel,153.0,Small Cap
SHAILY,Shaily Engineering Plastics Limited,Basic Materials,Specialty Chemicals,14690.0,Small Cap
SHAKTIPUMP,Shakti Pumps (India) Limited,Industrials,Specialty Industrial Machinery,6053.0,Small Cap
SHALBY,Shalby Limited,Healthcare,Medical Care Facilities,1643.0,Small Cap
SHANKARA,Shankara Building Products Limited,Consumer Cyclical,Home Improvement Retail,355.0,Small Cap
SHANTI,Shanti Overseas (India) Limited,Consumer Defensive,Farm Products,7.0,Small Cap
SHANTIGEAR,Shanthi Gears Limited,Industrials,Specialty Industrial Machinery,4077.0,Small Cap
SHANTIGOLD,,Consumer Cyclical,Luxury Goods,1890.0,Small Cap
SHARDACROP,Sharda Cropchem Limited,Basic Materials,Agricultural Inputs,6946.0,Small Cap
SHARDAMOTR,Sharda Motor Industries Limited,Consumer Cyclical,Auto Parts,5035.0,Small Cap
SHAREINDIA,Share India Securities Limited,Financial Services,Capital Markets,3772.0,Small Cap
SHBAJRG,Shri Bajrang Alliance Limited,Basic Materials,Steel,148.0,Small Cap
SHEKHAWATI,Shekhawati Industries Limited,Consumer Cyclical,Textile Manufacturing,60.0,Small Cap
SHILCTECH,Shilchar Technologies Limited,Industrials,Electrical Equipment & Parts,4496.0,Small Cap
SHILPAMED,Shilpa Medicare Limited,Healthcare,Drug Manufacturers - Specialty & Generic,16734.0,Mid Cap
SHINDL,Sharat Industries Limited,Consumer Defensive,Farm Products,,Unknown
SHIVATEX,Shiva Texyarn Limited,Consumer Cyclical,Textile Manufacturing,232.0,Small Cap
SHIVAUM,Shiv Aum Steels Limited,Basic Materials,Steel,599.0,Small Cap
SHK,S H Kelkar and Company Limited,Basic Materials,Specialty Chemicals,2122.0,Small Cap
SHOPERSTOP,Shoppers Stop Limited,Consumer Cyclical,Department Stores,4372.0,Small Cap
SHRADHA,Shradha Realty Limited,Real Estate,Real Estate - Development,190.0,Small Cap
SHREDIGCEM,Shree Digvijay Cement Company Limited,Basic Materials,Building Materials,1080.0,Small Cap
SHREECEM,Shree Cement Limited,Basic Materials,Building Materials,87730.0,Large Cap
SHREEJISPG,,Industrials,Marine Shipping,10441.0,Small Cap
SHREEPUSHK,Shree Pushkar Chemicals & Fertilisers Limited,Basic Materials,Specialty Chemicals,1413.0,Small Cap
SHREERAMA,Shree Rama Multi-Tech Limited,Consumer Cyclical,Packaging & Containers,588.0,Small Cap
SHREYANIND,Shreyans Industries Limited,Basic Materials,Paper & Paper Products,171.0,Small Cap
SHRIKRISH,Shri Krishna Devcon Limited,Unknown,Unknown,,Unknown
SHRINGARMS,Shringar House of Mangalsutra Limited,Consumer Cyclical,Luxury Goods,2176.0,Small Cap
SHRIPISTON,SPR Auto Technologies Limited,Consumer Cyclical,Auto Parts,20351.0,Mid Cap
SHRIRAMFIN,Shriram Finance Limited,Financial Services,Credit Services,264311.0,Large Cap
SHRIRAMPPS,Shriram Properties Limited,Real Estate,Real Estate - Development,1318.0,Small Cap
SHYAMMETL,Shyam Metalics and Energy Limited,Basic Materials,Steel,28142.0,Mid Cap
SICAGEN,Sicagen India Limited,Basic Materials,Steel,214.0,Small Cap
SIEMENS,Siemens Limited,Industrials,Specialty Industrial Machinery,146971.0,Large Cap
SIGIND,Signet Industries Limited,Industrials,Conglomerates,197.0,Small Cap
SIGMA,Sigma Solve Limited,Technology,Information Technology Services,501.0,Small Cap
SIGNATURE,Signatureglobal (India) Limited,Real Estate,Real Estate - Development,11109.0,Small Cap
SIGNPOST,Signpost India Limited,Communication Services,Advertising Agencies,1375.0,Small Cap
SIKA,Sika Interplant Systems Limited,Industrials,Aerospace & Defense,,Unknown
SIKKO,Sikko Industries Limited,Basic Materials,Agricultural Inputs,222.0,Small Cap
SIL,Standard Industries Limited,Consumer Cyclical,Textile Manufacturing,129.0,Small Cap
SILGO,Silgo Retail Limited,Consumer Cyclical,Luxury Goods,189.0,Small Cap
SILINV,SIL Investments Limited,Financial Services,Asset Management,503.0,Small Cap
SILLYMONKS,Silly Monks Entertainment Limited,Communication Services,Entertainment,17.0,Small Cap
SILVERTUC,Silver Touch Technologies Limited,Technology,Information Technology Services,2226.0,Small Cap
SIMPLEXINF,Simplex Infrastructures Limited,Industrials,Engineering & Construction,1980.0,Small Cap
SINCLAIR,Sinclairs Hotels Limited,Consumer Cyclical,Lodging,384.0,Small Cap
SINDHUTRAD,Sindhu Trade Links Limited,Industrials,Conglomerates,3724.0,Small Cap
SINGERIND,Singer India Limited,,,,Unknown
SINTERCOM,Sintercom India Limited,Consumer Cyclical,Auto Parts,220.0,Small Cap
SIRCA,Sirca Paints India Limited,Basic Materials,Specialty Chemicals,2503.0,Small Cap
SIS,SIS Limited,Industrials,Security & Protection Services,5855.0,Small Cap
SIYSIL,Siyaram Silk Mills Limited,Consumer Cyclical,Textile Manufacturing,2566.0,Small Cap
SJS,S.J.S. Enterprises Limited,Consumer Cyclical,Auto Parts,8173.0,Small Cap
SJVN,SJVN Limited,Utilities,Utilities - Renewable,25744.0,Mid Cap
SKFINDIA,SKF India Limited,Industrials,Tools & Accessories,7748.0,Small Cap
SKFINDUS,,Industrials,Tools & Accessories,13463.0,Small Cap
SKIPPER,Skipper Limited,Industrials,Engineering & Construction,6277.0,Small Cap
SKMEGGPROD,SKM Egg Products Export (India) Limited,Consumer Defensive,Packaged Foods,1368.0,Small Cap
SKYGOLD,Sky Gold and Diamonds Limited,Consumer Cyclical,Luxury Goods,12954.0,Small Cap
SMARTWORKS,,Real Estate,Real Estate Services,6226.0,Small Cap
SMCGLOBAL,SMC Global Securities Limited,Financial Services,Capital Markets,1653.0,Small Cap
SMLMAH,SML Mahindra Limited,Consumer Cyclical,Auto Manufacturers,7483.0,Small Cap
SMLT,Sarthak Metals Limited,Industrials,Metal Fabrication,94.0,Small Cap
SMSPHARMA,SMS Pharmaceuticals Limited,Healthcare,Drug Manufacturers - General,3322.0,Small Cap
SNOWMAN,Snowman Logistics Limited,Industrials,Integrated Freight & Logistics,624.0,Small Cap
SOBHA,Sobha Limited,Real Estate,Real Estate - Development,13676.0,Small Cap
SOLARA,Solara Active Pharma Sciences Limited,Healthcare,Drug Manufacturers - Specialty & Generic,3064.0,Small Cap
SOLARINDS,Solar Industries India Limited,Basic Materials,Specialty Chemicals,178854.0,Large Cap
SOLARWORLD,,Technology,Solar,1299.0,Small Cap
SOLEX,Solex Energy Limited,Technology,Solar,851.0,Small Cap
SOMANYCERA,Somany Ceramics Limited,Industrials,Building Products & Equipment,2214.0,Small Cap
SOMATEX,Soma Textiles & Industries Limited,Consumer Cyclical,Textile Manufacturing,300.0,Small Cap
SOMICONVEY,Somi Conveyor Beltings Limited,Industrials,Specialty Industrial Machinery,114.0,Small Cap
SONACOMS,Sona BLW Precision Forgings Limited,Consumer Cyclical,Auto Parts,50173.0,Large Cap
SONAL,Sonal Mercantile Limited,Financial Services,Credit Services,,Unknown
SONAMLTD,Sonam Limited,Consumer Cyclical,"Furnishings, Fixtures & Appliances",257.0,Small Cap
SONATSOFTW,Sonata Software Limited,Technology,Information Technology Services,8315.0,Small Cap
SOTL,Savita Oil Technologies Limited,Basic Materials,Specialty Chemicals,4629.0,Small Cap
SOUTHBANK,The South Indian Bank Limited,Financial Services,Banks - Regional,11871.0,Small Cap
SOUTHWEST,South West Pinnacle Exploration Limited,Energy,Oil & Gas Equipment & Services,700.0,Small Cap
SPAL,S.P. Apparels Limited,Consumer Cyclical,Apparel Manufacturing,2374.0,Small Cap
SPANDANA,Spandana Sphoorty Financial Limited,Financial Services,Credit Services,2142.0,Small Cap
SPARC,Sun Pharma Advanced Research Company Limited,Healthcare,Drug Manufacturers - Specialty & Generic,6299.0,Small Cap
SPCENET,Spacenet Enterprises India Limited,Financial Services,Capital Markets,192.0,Small Cap
SPECIALITY,Speciality Restaurants Limited,Consumer Cyclical,Restaurants,695.0,Small Cap
SPECTRUM,,Industrials,Electrical Equipment & Parts,3394.0,Small Cap
SPENCERS,Spencer's Retail Limited,Consumer Cyclical,Department Stores,267.0,Small Cap
SPIC,Southern Petrochemical Industries Corporation Limited,Basic Materials,Agricultural Inputs,1442.0,Small Cap
SPLIL,SPL Industries Limited,Consumer Cyclical,Apparel Manufacturing,89.0,Small Cap
SPLPETRO,Supreme Petrochem Limited,Basic Materials,Specialty Chemicals,13169.0,Small Cap
SPMLINFRA,SPML Infra Limited,Industrials,Engineering & Construction,1586.0,Small Cap
SPORTKING,Sportking India Limited,Consumer Cyclical,Textile Manufacturing,2930.0,Small Cap
SRD,Shankar Lal Rampal Dye-Chem Limited,Basic Materials,Specialty Chemicals,256.0,Small Cap
SREEL,Sreeleathers Limited,Consumer Cyclical,Footwear & Accessories,607.0,Small Cap
SRF,SRF Limited,Industrials,Conglomerates,75853.0,Large Cap
SRGHFL,SRG Housing Finance Limited,Financial Services,Mortgage Finance,404.0,Small Cap
SRHHYPOLTD,Sree Rayalaseema Hi-Strength Hypo Limited,Basic Materials,Chemicals,812.0,Small Cap
SRM,SRM Contractors Limited,Industrials,Engineering & Construction,1063.0,Small Cap
SRTL,Shree Ram Twistex Limited,Consumer Cyclical,Textile Manufacturing,159.0,Small Cap
SSDL,Saraswati Saree Depot Limited,Consumer Cyclical,Apparel Retail,228.0,Small Cap
SSWL,Steel Strips Wheels Limited,Consumer Cyclical,Auto Parts,4575.0,Small Cap
STALLION,,Basic Materials,Specialty Chemicals,2617.0,Small Cap
STANLEY,Stanley Lifestyles Limited,Consumer Cyclical,"Furnishings, Fixtures & Appliances",771.0,Small Cap
STAR,Strides Pharma Science Limited,Healthcare,Drug Manufacturers - Specialty & Generic,9030.0,Small Cap
STARCEMENT,Star Cement Limited,Basic Materials,Building Materials,7837.0,Small Cap
STARHEALTH,Star Health and Allied Insurance Company Limited,Financial Services,Insurance - Life,34348.0,Mid Cap
STARPAPER,Star Paper Mills Limited,Basic Materials,Paper & Paper Products,234.0,Small Cap
STARTECK,Starteck Finance Limited,Financial Services,Credit Services,253.0,Small Cap
STCINDIA,The State Trading Corporation of India Limited,Industrials,Conglomerates,727.0,Small Cap
STEELCAS,Steelcast Limited,Basic Materials,Steel,3459.0,Small Cap
STEELCITY,Steel City Securities Limited,Financial Services,Capital Markets,133.0,Small Cap
STEELXIND,Steel Exchange India Limited,Basic Materials,Steel,1378.0,Small Cap
STEL,STEL Holdings Limited,Financial Services,Asset Management,1128.0,Small Cap
STOVEKRAFT,Stove Kraft Limited,Consumer Cyclical,"Furnishings, Fixtures & Appliances",2633.0,Small Cap
STUDDS,Studds Accessories Limited,Consumer Cyclical,Auto Parts,1771.0,Small Cap
STYL,Seshaasai Technologies Limited,Technology,Software - Infrastructure,6206.0,Small Cap
STYLAMIND,Stylam Industries Limited,Consumer Cyclical,"Furnishings, Fixtures & Appliances",6027.0,Small Cap
STYRENIX,Styrenix Performance Materials Limited,Basic Materials,Chemicals,3686.0,Small Cap
SUBROS,Subros Limited,Consumer Cyclical,Auto Parts,4773.0,Small Cap
SUDARCOLOR,Sudarshan Colorants India Limited,Basic Materials,Specialty Chemicals,923.0,Small Cap
SUDARSCHEM,Sudarshan Chemical Industries Limited,Basic Materials,Specialty Chemicals,9793.0,Small Cap
SUDEEPPHRM,,Healthcare,Drug Manufacturers - Specialty & Generic,12525.0,Small Cap
SUKHJITS,The Sukhjit Starch & Chemicals Limited,Basic Materials,Specialty Chemicals,500.0,Small Cap
SULA,Sula Vineyards Limited,Consumer Defensive,Beverages - Wineries & Distilleries,1222.0,Small Cap
SUMEETINDS,Sumeet Industries Limited,Consumer Cyclical,Textile Manufacturing,898.0,Small Cap
SUMICHEM,Sumitomo Chemical India Limited,Basic Materials,Agricultural Inputs,25948.0,Mid Cap
SUMIT,Sumit Woods Limited,Real Estate,Real Estate - Development,234.0,Small Cap
SUMMITSEC,Summit Securities Limited,Financial Services,Capital Markets,1553.0,Small Cap
SUNCLAY,Sundaram-Clayton Limited,Industrials,Metal Fabrication,2798.0,Small Cap
SUNDARAM,Sundaram Multi Pap Limited,Basic Materials,Paper & Paper Products,60.0,Small Cap
SUNDARMFIN,Sundaram Finance Limited,Financial Services,Credit Services,49501.0,Mid Cap
SUNDRMFAST,Sundram Fasteners Limited,Consumer Cyclical,Auto Parts,25408.0,Mid Cap
SUNDROP,Sundrop Brands Limited,Consumer Defensive,Packaged Foods,2470.0,Small Cap
SUNFLAG,Sunflag Iron and Steel Company Limited,Basic Materials,Steel,6293.0,Small Cap
SUNPHARMA,Sun Pharmaceutical Industries Limited,Healthcare,Drug Manufacturers - Specialty & Generic,457577.0,Large Cap
SUNTECK,Sunteck Realty Limited,Real Estate,Real Estate - Development,4592.0,Small Cap
SUNTV,Sun TV Network Limited,Communication Services,Broadcasting,18469.0,Mid Cap
SUPERHOUSE,Superhouse Limited,Consumer Cyclical,Footwear & Accessories,194.0,Small Cap
SUPRAJIT,Suprajit Engineering Limited,Consumer Cyclical,Auto Parts,6902.0,Small Cap
SUPREME,Supreme Holdings & Hospitality (India) Limited,Real Estate,Real Estate - Development,154.0,Small Cap
SUPREMEIND,The Supreme Industries Limited,Industrials,Building Products & Equipment,45635.0,Mid Cap
SUPREMEINF,Supreme Infrastructure India Limited,Industrials,Engineering & Construction,848.0,Small Cap
SUPRIYA,Supriya Lifescience Limited,Healthcare,Biotechnology,6385.0,Small Cap
SURAJEST,,Real Estate,Real Estate - Development,931.0,Small Cap
SURAJLTD,Suraj Limited,Basic Materials,Steel,384.0,Small Cap
SURAKSHA,,Healthcare,Diagnostics & Research,1650.0,Small Cap
SURANASOL,Surana Solar Limited,Technology,Solar,127.0,Small Cap
SURANAT&P,Surana Telecom and Power Limited,Utilities,Utilities - Independent Power Producers,221.0,Small Cap
SURYALA,Suryalata Spinning Mills Limited,Consumer Cyclical,Textile Manufacturing,,Unknown
SURYALAXMI,Suryalakshmi Cotton Mills Limited,Consumer Cyclical,Textile Manufacturing,106.0,Small Cap
SURYAROSNI,Surya Roshni Limited,Basic Materials,Steel,4784.0,Small Cap
SURYODAY,Suryoday Small Finance Bank Limited,Financial Services,Banks - Regional,1605.0,Small Cap
SUVEN,Suven Life Sciences Limited,Healthcare,Drug Manufacturers - Specialty & Generic,10167.0,Small Cap
SUVIDHAA,Suvidhaa Infoserve Limited,Technology,Information Technology Services,49.0,Small Cap
SUYOG,Suyog Telematics Limited,Communication Services,Telecom Services,872.0,Small Cap
SUZLON,Suzlon Energy Limited,Industrials,Specialty Industrial Machinery,63877.0,Large Cap
SWANCORP,Swan Corp Limited,Industrials,Conglomerates,9393.0,Small Cap
SWARAJENG,Swaraj Engines Limited,Consumer Cyclical,Auto Parts,4316.0,Small Cap
SWELECTES,Swelect Energy Systems Limited,Technology,Solar,936.0,Small Cap
SWIGGY,Swiggy Limited,Consumer Cyclical,Internet Retail,75273.0,Large Cap
SWSOLAR,Sterling and Wilson Renewable Energy Limited,Technology,Solar,4558.0,Small Cap
SYMPHONY,Symphony Limited,Consumer Cyclical,"Furnishings, Fixtures & Appliances",4081.0,Small Cap
SYNCOMF,Syncom Formulations (India) Limited,Healthcare,Drug Manufacturers - Specialty & Generic,1657.0,Small Cap
SYNGENE,Syngene International Limited,Healthcare,Diagnostics & Research,16289.0,Mid Cap
SYRMA,Syrma SGS Technology Limited,Technology,Electronic Components,28112.0,Mid Cap
TAALTECH,TAAL Tech Limited,Industrials,Airports & Air Services,,Unknown
TAINWALCHM,Tainwala Chemicals and Plastics (India) Limited,Basic Materials,Specialty Chemicals,201.0,Small Cap
TAJGVK,TAJGVK Hotels & Resorts Limited,Consumer Cyclical,Lodging,2197.0,Small Cap
TAKE,TAKE LIMITED,Healthcare,Health Information Services,275.0,Small Cap
TALBROAUTO,Talbros Automotive Components Limited,Consumer Cyclical,Auto Parts,2527.0,Small Cap
TANLA,Tanla Platforms Limited,Technology,Software - Application,7327.0,Small Cap
TARACHAND,Tara Chand Infralogistic Solutions Limited,Industrials,Farm & Heavy Construction Machinery,377.0,Small Cap
TARAPUR,Tarapur Transformers Limited,Industrials,Specialty Industrial Machinery,30.0,Small Cap
TARC,TARC Limited,Real Estate,Real Estate - Development,3566.0,Small Cap
TARIL,Transformers and Rectifiers (India) Limited,Industrials,Electrical Equipment & Parts,9188.0,Small Cap
TARMAT,Tarmat Limited,Industrials,Engineering & Construction,135.0,Small Cap
TARSONS,Tarsons Products Limited,Healthcare,Medical Instruments & Supplies,1838.0,Small Cap
TASTYBITE,Tasty Bite Eatables Limited,Consumer Defensive,Packaged Foods,2571.0,Small Cap
TATACAP,Tata Capital Limited,Financial Services,Credit Services,152771.0,Large Cap
TATACHEM,Tata Chemicals Limited,Basic Materials,Chemicals,15981.0,Mid Cap
TATACOMM,Tata Communications Limited,Communication Services,Telecom Services,48205.0,Mid Cap
TATACONSUM,Tata Consumer Products Limited,Consumer Defensive,Packaged Foods,104165.0,Large Cap
TATAELXSI,Tata Elxsi Limited,Technology,Software - Application,22519.0,Mid Cap
TATAINVEST,Tata Investment Corporation Limited,Financial Services,Asset Management,32497.0,Mid Cap
TATAPOWER,The Tata Power Company Limited,Utilities,Utilities - Independent Power Producers,117844.0,Large Cap
TATASTEEL,Tata Steel Limited,Basic Materials,Steel,229066.0,Large Cap
TATATECH,Tata Technologies Limited,Technology,Information Technology Services,32431.0,Mid Cap
TATVA,Tatva Chintan Pharma Chem Limited,Basic Materials,Specialty Chemicals,3702.0,Small Cap
TBOTEK,TBO Tek Limited,Consumer Cyclical,Travel Services,18367.0,Mid Cap
TBZ,Tribhovandas Bhimji Zaveri Limited,Consumer Cyclical,Luxury Goods,1819.0,Small Cap
TCC,TCC Concept Limited,,,,Unknown
TCI,Transport Corporation of India Limited,Industrials,Integrated Freight & Logistics,6883.0,Small Cap
TCIEXP,TCI Express Limited,Industrials,Integrated Freight & Logistics,2047.0,Small Cap
TCPLPACK,TCPL Packaging Limited,Consumer Cyclical,Packaging & Containers,3570.0,Small Cap
TCS,Tata Consultancy Services Limited,Technology,Information Technology Services,824454.0,Large Cap
TDPOWERSYS,TD Power Systems Limited,Industrials,Specialty Industrial Machinery,22969.0,Mid Cap
TEAMGTY,Team India Guaranty Limited,Financial Services,Asset Management,207.0,Small Cap
TEAMLEASE,TeamLease Services Limited,Industrials,Staffing & Employment Services,1884.0,Small Cap
TECHM,Tech Mahindra Limited,Technology,Information Technology Services,139432.0,Large Cap
TECHNOE,Techno Electric & Engineering Company Limited,Industrials,Engineering & Construction,11542.0,Small Cap
TECHNVISN,TechNVision Ventures Limited,Technology,Software - Application,,Unknown
TECILCHEM,Tecil Chemicals and Hydro Power Ltd.,Financial Services,Shell Companies,17.0,Small Cap
TEGA,Tega Industries Limited,Industrials,Specialty Industrial Machinery,12628.0,Small Cap
TEJASNET,Tejas Networks Limited,Technology,Communication Equipment,8940.0,Small Cap
TEMBO,Tembo Global Industries Limited,Industrials,Metal Fabrication,872.0,Small Cap
TENNIND,Tenneco Clean Air India Limited,Consumer Cyclical,Auto Parts,22017.0,Mid Cap
TERASOFT,Tera Software Limited,Technology,Information Technology Services,378.0,Small Cap
TEXINFRA,Texmaco Infrastructure & Holdings Limited,Real Estate,Real Estate Services,1411.0,Small Cap
TEXMOPIPES,Texmo Pipes and Products Limited,Industrials,Building Products & Equipment,136.0,Small Cap
TEXRAIL,Texmaco Rail & Engineering Limited,Industrials,Railroads,4385.0,Small Cap
TFCILTD,Tourism Finance Corporation of India Limited,Financial Services,Credit Services,6324.0,Small Cap
TFL,Transwarranty Finance Limited,Financial Services,Mortgage Finance,65.0,Small Cap
TGBHOTELS,TGB Banquets and Hotels Limited,Consumer Cyclical,Lodging,28.0,Small Cap
THAKDEV,Thakkers Developers Limited,Real Estate,Real Estate - Development,,Unknown
THANGAMAYL,Thangamayil Jewellery Limited,Consumer Cyclical,Luxury Goods,16742.0,Mid Cap
THEINVEST,The Investment Trust of India Limited,Financial Services,Capital Markets,494.0,Small Cap
THEJO,Thejo Engineering Limited,Industrials,Specialty Industrial Machinery,2225.0,Small Cap
THELEELA,Leela Palaces Hotels & Resorts Limited,Consumer Cyclical,Lodging,18538.0,Mid Cap
THEMISMED,Themis Medicare Limited,Healthcare,Drug Manufacturers - Specialty & Generic,1109.0,Small Cap
THERMAX,Thermax Limited,Industrials,Conglomerates,44609.0,Mid Cap
THOMASCOOK,Thomas Cook (India) Limited,Consumer Cyclical,Travel Services,5193.0,Small Cap
THOMASCOTT,Thomas Scott (India) Limited,Consumer Cyclical,Textile Manufacturing,409.0,Small Cap
THYROCARE,Thyrocare Technologies Limited,Healthcare,Diagnostics & Research,9494.0,Small Cap
TI,Tilaknagar Industries Ltd.,Consumer Defensive,Beverages - Wineries & Distilleries,14249.0,Small Cap
TIIL,Technocraft Industries (India) Limited,Industrials,Tools & Accessories,7815.0,Small Cap
TIINDIA,Tube Investments of India Limited,Industrials,Conglomerates,55338.0,Large Cap
TIJARIA,Tijaria Polypipes Limited,Industrials,Building Products & Equipment,17.0,Small Cap
TIL,TIL Limited,Industrials,Farm & Heavy Construction Machinery,2012.0,Small Cap
TIMETECHNO,Time Technoplast Limited,Consumer Cyclical,Packaging & Containers,9101.0,Small Cap
TIMEX,Timex Group India Limited,Consumer Cyclical,Luxury Goods,6054.0,Small Cap
TIMKEN,Timken India Limited,Industrials,Tools & Accessories,23332.0,Mid Cap
TINNARUBR,Tinna Rubber and Infrastructure Limited,Basic Materials,Specialty Chemicals,1832.0,Small Cap
TIPSFILMS,Tips Films Limited,Communication Services,Entertainment,150.0,Small Cap
TIPSMUSIC,Tips Music Limited,Communication Services,Entertainment,8258.0,Small Cap
TIRUMALCHM,Thirumalai Chemicals Limited,Basic Materials,Specialty Chemicals,1891.0,Small Cap
TITAGARH,Titagarh Rail Systems Limited,Industrials,Railroads,11185.0,Small Cap
TITAN,Titan Company Limited,Consumer Cyclical,Luxury Goods,450311.0,Large Cap
TMB,Tamilnad Mercantile Bank Limited,Financial Services,Banks - Regional,13811.0,Small Cap
TMCV,Tata Motors Limited,Consumer Cyclical,Auto Manufacturers,174265.0,Large Cap
TMPV,Tata Motors Passenger Vehicles Limited,Consumer Cyclical,Auto Manufacturers,114796.0,Large Cap
TNPETRO,Tamilnadu Petroproducts Limited,Basic Materials,Specialty Chemicals,1031.0,Small Cap
TNPL,Tamil Nadu Newsprint and Papers Limited,Basic Materials,Paper & Paper Products,976.0,Small Cap
TNTELE,Tamilnadu Telecommunications Limited,Technology,Communication Equipment,41.0,Small Cap
TOLINS,Tolins Tyres Limited,Consumer Cyclical,Auto Parts,380.0,Small Cap
TORNTPHARM,Torrent Pharmaceuticals Limited,Healthcare,Drug Manufacturers - Specialty & Generic,185125.0,Large Cap
TORNTPOWER,Torrent Power Limited,Utilities,Utilities - Independent Power Producers,62635.0,Large Cap
TOTAL,Total Transport Systems Limited,Industrials,Integrated Freight & Logistics,119.0,Small Cap
TOUCHWOOD,Touchwood Entertainment Limited,Communication Services,Advertising Agencies,69.0,Small Cap
TPHQ,Teamo Productions HQ Limited,Industrials,Engineering & Construction,62.0,Small Cap
TPLPLASTEH,TPL Plastech Limited,Consumer Cyclical,Packaging & Containers,612.0,Small Cap
TRACXN,Tracxn Technologies Limited,Technology,Software - Application,319.0,Small Cap
TRANSPEK,Transpek Industry Limited,Basic Materials,Chemicals,748.0,Small Cap
TRANSRAILL,,Industrials,Engineering & Construction,6248.0,Small Cap
TRAVELFOOD,,Consumer Cyclical,Restaurants,17071.0,Mid Cap
TREEHOUSE,Tree House Education & Accessories Limited,Consumer Defensive,Education & Training Services,26.0,Small Cap
TREJHARA,Trejhara Solutions Limited,Technology,Software - Application,383.0,Small Cap
TREL,Transindia Real Estate Limited,Real Estate,Real Estate Services,657.0,Small Cap
TRENT,Trent Limited,Consumer Cyclical,Apparel Retail,155277.0,Large Cap
TRF,TRF Limited,Industrials,Specialty Industrial Machinery,252.0,Small Cap
TRIDENT,Trident Limited,Consumer Cyclical,Textile Manufacturing,12408.0,Small Cap
TRIGYN,Trigyn Technologies Limited,Technology,Information Technology Services,167.0,Small Cap
TRITURBINE,Triveni Turbine Limited,Industrials,Specialty Industrial Machinery,18125.0,Mid Cap
TRIVENI,Triveni Engineering & Industries Limited,Consumer Defensive,Confectioners,6347.0,Small Cap
TRU,TruCap Finance Limited,Financial Services,Credit Services,50.0,Small Cap
TRUALT,TruAlt Bioenergy Limited,Energy,Oil & Gas Refining & Marketing,3740.0,Small Cap
TSFINV,TSF Investments Limited,Financial Services,Asset Management,9026.0,Small Cap
TTKHLTCARE,TTK Healthcare Limited,Healthcare,Drug Manufacturers - General,1534.0,Small Cap
TTKPRESTIG,TTK Prestige Limited,Consumer Cyclical,"Furnishings, Fixtures & Appliances",8169.0,Small Cap
TTL,T.T. Limited,Consumer Cyclical,Textile Manufacturing,168.0,Small Cap
TTML,Tata Teleservices (Maharashtra) Limited,Communication Services,Telecom Services,7352.0,Small Cap
TURTLEMINT,,Financial Services,Insurance Brokers,,Unknown
TVSELECT,TVS Electronics Limited,Technology,Computer Hardware,826.0,Small Cap
TVSHLTD,TVS Holdings Limited,Consumer Cyclical,Auto Parts,27437.0,Mid Cap
TVSMOTOR,TVS Motor Company Limited,Consumer Cyclical,Auto Manufacturers,208472.0,Large Cap
TVSSCS,TVS Supply Chain Solutions Limited,Industrials,Integrated Freight & Logistics,5907.0,Small Cap
TVSSRICHAK,TVS Srichakra Limited,Consumer Cyclical,Auto Parts,3687.0,Small Cap
TVTODAY,T.V. Today Network Limited,Communication Services,Broadcasting,668.0,Small Cap
UBL,United Breweries Limited,Consumer Defensive,Beverages - Brewers,35536.0,Mid Cap
UCAL,UCAL Limited,Consumer Cyclical,Auto Parts,314.0,Small Cap
UCOBANK,UCO Bank,Financial Services,Banks - Regional,32503.0,Mid Cap
UDS,Updater Services Limited,Industrials,Specialty Business Services,1500.0,Small Cap
UEL,Ujaas Energy Limited,Technology,Solar,2182.0,Small Cap
UFBL,United Foodbrands Limited,Consumer Cyclical,Restaurants,3114.0,Small Cap
UFLEX,Uflex Limited,Consumer Cyclical,Packaging & Containers,4414.0,Small Cap
UFO,UFO Moviez India Limited,Communication Services,Entertainment,253.0,Small Cap
UGARSUGAR,The Ugar Sugar Works Limited,Consumer Defensive,Confectioners,622.0,Small Cap
UGROCAP,UGRO Capital Limited,Financial Services,Credit Services,1343.0,Small Cap
UJJIVANSFB,Ujjivan Small Finance Bank Limited,Financial Services,Banks - Regional,13587.0,Small Cap
ULTRACEMCO,UltraTech Cement Limited,Basic Materials,Building Materials,337501.0,Large Cap
ULTRAMAR,Ultramarine & Pigments Limited,Basic Materials,Specialty Chemicals,1203.0,Small Cap
UMESLTD,Usha Martin Education & Solutions Limited,Consumer Defensive,Education & Training Services,16.0,Small Cap
UMIYA-MRO,Umiya Buildcon Limited,Real Estate,Real Estate - Development,166.0,Small Cap
UNICHEMLAB,Unichem Laboratories Limited,Healthcare,Drug Manufacturers - Specialty & Generic,3761.0,Small Cap
UNIECOM,Unicommerce eSolutions Limited,Technology,Software - Application,957.0,Small Cap
UNIENTER,Uniphos Enterprises Limited,Basic Materials,Chemicals,1321.0,Small Cap
UNIMECH,Unimech Aerospace and Manufacturing Limited,Industrials,Aerospace & Defense,7467.0,Small Cap
UNIONBANK,Union Bank of India,Financial Services,Banks - Regional,141802.0,Large Cap
UNIPARTS,Uniparts India Limited,Industrials,Farm & Heavy Construction Machinery,3726.0,Small Cap
UNITDSPR,,Consumer Defensive,Beverages - Wineries & Distilleries,109668.0,Large Cap
UNITECH,Unitech Limited,Real Estate,Real Estate - Diversified,1052.0,Small Cap
UNITEDTEA,The United Nilgiri Tea Estates Company Limited,Consumer Defensive,Farm Products,227.0,Small Cap
UNIVCABLES,Universal Cables Limited,Industrials,Electrical Equipment & Parts,5514.0,Small Cap
UNOMINDA,Uno Minda Limited,Consumer Cyclical,Auto Parts,72224.0,Large Cap
UPL,UPL Limited,Basic Materials,Agricultural Inputs,48993.0,Mid Cap
URBANCO,Urban Company Limited,Technology,Software - Application,25063.0,Mid Cap
URJA,Urja Global Limited,Technology,Solar,514.0,Small Cap
USHAMART,Usha Martin Limited,Basic Materials,Steel,14891.0,Small Cap
USK,Udayshivakumar Infra Limited,Industrials,Engineering & Construction,119.0,Small Cap
UTIAMC,UTI Asset Management Company Limited,Financial Services,Asset Management,11453.0,Small Cap
UTKARSHBNK,Utkarsh Small Finance Bank Limited,Financial Services,Banks - Regional,2598.0,Small Cap
UTLSOLAR,,Technology,Solar,13731.0,Small Cap
UTTAMSUGAR,Uttam Sugar Mills Limited,Consumer Defensive,Confectioners,1221.0,Small Cap
UYFINCORP,U. Y. Fincorp Limited,Financial Services,Credit Services,380.0,Small Cap
V2RETAIL,V2 Retail Limited,Consumer Cyclical,Apparel Retail,8062.0,Small Cap
VADILALIND,Vadilal Industries Limited,Consumer Defensive,Packaged Foods,5345.0,Small Cap
VAIBHAVGBL,Vaibhav Global Limited,Consumer Cyclical,Luxury Goods,3680.0,Small Cap
VAISHALI,Vaishali Pharma Limited,Healthcare,Drug Manufacturers - Specialty & Generic,106.0,Small Cap
VAKRANGEE,Vakrangee Limited,Technology,Information Technology Services,640.0,Small Cap
VAML,Vedanta Aluminium Metal Limited,Basic Materials,Aluminum,175004.0,Large Cap
VARDMNPOLY,Vardhman Polytex Limited,Consumer Cyclical,Textile Manufacturing,290.0,Small Cap
VARROC,Varroc Engineering Limited,Consumer Cyclical,Auto Parts,12297.0,Small Cap
VASCONEQ,Vascon Engineers Limited,Industrials,Engineering & Construction,719.0,Small Cap
VASWANI,Vaswani Industries Limited,Basic Materials,Steel,152.0,Small Cap
VBL,Varun Beverages Limited,Consumer Defensive,Beverages - Non-Alcoholic,146478.0,Large Cap
VCL,Vaxtex Cotfab Limited,Consumer Cyclical,Textile Manufacturing,43.0,Small Cap
VEDL,Vedanta Limited,Basic Materials,Other Industrial Metals & Mining,107109.0,Large Cap
VEDPOWER,Vedanta Power Limited,Utilities,Utilities - Independent Power Producers,14156.0,Small Cap
VEEDOL,Veedol Corporation Limited,Basic Materials,Specialty Chemicals,2498.0,Small Cap
VENKEYS,Venky's (India) Limited,Consumer Defensive,Farm Products,2216.0,Small Cap
VENTIVE,Ventive Hospitality Limited,Consumer Cyclical,Lodging,13984.0,Small Cap
VENUSPIPES,Venus Pipes and Tubes Limited,Basic Materials,Steel,3205.0,Small Cap
VERANDA,Veranda Learning Solutions Limited,Consumer Defensive,Education & Training Services,2381.0,Small Cap
VESUVIUS,Vesuvius India Limited,Industrials,Specialty Industrial Machinery,8689.0,Small Cap
VGL,Varvee Global Limited,Consumer Cyclical,Textile Manufacturing,300.0,Small Cap
VGUARD,V-Guard Industries Limited,Industrials,Electrical Equipment & Parts,14507.0,Small Cap
VHL,Vardhman Holdings Limited,Financial Services,Credit Services,1089.0,Small Cap
VIDHIING,Vidhi Specialty Food Ingredients Limited,Basic Materials,Specialty Chemicals,1678.0,Small Cap
VIDYAWIRES,,Industrials,Electrical Equipment & Parts,1810.0,Small Cap
VIJAYA,Vijaya Diagnostic Centre Limited,Healthcare,Diagnostics & Research,15280.0,Mid Cap
VIKASECO,Vikas Ecotech Limited,Basic Materials,Specialty Chemicals,186.0,Small Cap
VIKASLIFE,Vikas Lifecare Limited,Consumer Defensive,Farm Products,221.0,Small Cap
VIKRAMSOLR,,Technology,Solar,6145.0,Small Cap
VIKRAN,Vikran Engineering Limited,Industrials,Engineering & Construction,1545.0,Small Cap
VIMTALABS,Vimta Labs Limited,Healthcare,Diagnostics & Research,2780.0,Small Cap
VINATIORGA,Vinati Organics Limited,Basic Materials,Specialty Chemicals,13810.0,Small Cap
VINCOFE,Vintage Coffee and Beverages Limited,Consumer Defensive,Beverages - Non-Alcoholic,2345.0,Small Cap
VINDHYATEL,Vindhya Telelinks Limited,Industrials,Engineering & Construction,2826.0,Small Cap
VINNY,Vinny Overseas Limited,Consumer Cyclical,Textile Manufacturing,50.0,Small Cap
VINYLINDIA,Vinyl Chemicals (India) Limited,Basic Materials,Specialty Chemicals,436.0,Small Cap
VIPIND,V.I.P. Industries Limited,Consumer Cyclical,Footwear & Accessories,4262.0,Small Cap
VIRINCHI,Virinchi Limited,Technology,Software - Application,172.0,Small Cap
VISAKAIND,Visaka Industries Limited,Industrials,Building Products & Equipment,789.0,Small Cap
VISHNU,Vishnu Chemicals Limited,Basic Materials,Specialty Chemicals,4318.0,Small Cap
VISHWARAJ,Vishwaraj Sugar Industries Limited,Consumer Defensive,Confectioners,137.0,Small Cap
VISL,Vedanta Iron and Steel Limited,Basic Materials,Steel,14500.0,Small Cap
VIVIDHA,Visagar Polytex Limited,Consumer Cyclical,Textile Manufacturing,15.0,Small Cap
VIYASH,Viyash Scientific Limited,Healthcare,Drug Manufacturers - Specialty & Generic,11987.0,Small Cap
VLSFINANCE,VLS Finance Limited,Financial Services,Capital Markets,772.0,Small Cap
VMART,V-Mart Retail Limited,Consumer Cyclical,Department Stores,6824.0,Small Cap
VMM,Vishal Mega Mart Limited,Consumer Cyclical,Department Stores,52287.0,Large Cap
VMSTMT,VMS TMT Limited,Basic Materials,Steel,233.0,Small Cap
VOEPL,Virtuoso Optoelectronics Limited,Technology,Consumer Electronics,1702.0,Small Cap
VOGL,Vedanta Oil and Gas Limited,Basic Materials,Other Industrial Metals & Mining,15214.0,Mid Cap
VOLTAMP,Voltamp Transformers Limited,Industrials,Electrical Equipment & Parts,11048.0,Small Cap
VOLTAS,Voltas Limited,Consumer Cyclical,"Furnishings, Fixtures & Appliances",40904.0,Mid Cap
VPRPL,Vishnu Prakash R Punglia Limited,Industrials,Engineering & Construction,420.0,Small Cap
VRAJ,Vraj Iron and Steel Limited,Basic Materials,Steel,400.0,Small Cap
VRLLOG,VRL Logistics Limited,Industrials,Trucking,5048.0,Small Cap
VSSL,Vardhman Special Steels Limited,Basic Materials,Steel,3340.0,Small Cap
VSTIND,VST Industries Limited,Consumer Defensive,Tobacco,3559.0,Small Cap
VSTL,Vibhor Steel Tubes Limited,Basic Materials,Steel,212.0,Small Cap
VSTTILLERS,V.S.T. Tillers Tractors Limited,Industrials,Farm & Heavy Construction Machinery,3833.0,Small Cap
VTL,Vardhman Textiles Limited,Consumer Cyclical,Textile Manufacturing,17507.0,Mid Cap
WAAREEENER,,Technology,Solar,76219.0,Large Cap
WAAREEINDO,Indosolar Limited,Technology,Solar,1152.0,Small Cap
WAAREERTL,Waaree Renewable Technologies Limited,Industrials,Engineering & Construction,9036.0,Small Cap
WABAG,VA Tech Wabag Limited,Industrials,Engineering & Construction,12540.0,Small Cap
WAKEFIT,Wakefit Innovations Limited,Consumer Cyclical,"Furnishings, Fixtures & Appliances",4788.0,Small Cap
WALCHANNAG,Walchandnagar Industries Limited,Industrials,Engineering & Construction,1495.0,Small Cap
WANBURY,Wanbury Limited,Healthcare,Drug Manufacturers - Specialty & Generic,924.0,Small Cap
WCIL,Western Carriers (India) Limited,Industrials,Integrated Freight & Logistics,888.0,Small Cap
WEALTH,Wealth First Portfolio Managers Limited,Financial Services,Capital Markets,908.0,Small Cap
WEBELSOLAR,Websol Energy System Limited,Technology,Solar,3470.0,Small Cap
WEIZMANIND,Weizmann Limited,Consumer Cyclical,Textile Manufacturing,119.0,Small Cap
WEL,Wonder Electricals Limited,Consumer Cyclical,"Furnishings, Fixtures & Appliances",1795.0,Small Cap
WELCORP,Welspun Corp Limited,Basic Materials,Steel,62551.0,Large Cap
WELENT,Welspun Enterprises Limited,Industrials,Engineering & Construction,8925.0,Small Cap
WELSPLSOL,Welspun Specialty Solutions Limited,Basic Materials,Steel,,Unknown
WELSPUNLIV,Welspun Living Limited,Consumer Cyclical,Textile Manufacturing,18018.0,Mid Cap
WENDT,Wendt (India) Limited,Industrials,Tools & Accessories,1638.0,Small Cap
WESTLIFE,Westlife Foodworld Limited,Consumer Cyclical,Restaurants,8982.0,Small Cap
WEWORK,WeWork India Management Limited,Real Estate,Real Estate Services,9357.0,Small Cap
WHEELS,Wheels India Limited,Consumer Cyclical,Auto Parts,3649.0,Small Cap
WHIRLPOOL,Whirlpool of India Limited,Consumer Cyclical,"Furnishings, Fixtures & Appliances",9702.0,Small Cap
WILLAMAGOR,Williamson Magor & Co. Limited,Financial Services,Credit Services,26.0,Small Cap
WINDLAS,Windlas Biotech Limited,Healthcare,Drug Manufacturers - Specialty & Generic,2049.0,Small Cap
WINDMACHIN,Windsor Machines Limited,Industrials,Specialty Industrial Machinery,3223.0,Small Cap
WIPL,The Western India Plywoods Limited,Basic Materials,Lumber & Wood Production,144.0,Small Cap
WIPRO,Wipro Limited,Technology,Information Technology Services,176880.0,Large Cap
WOCKPHARMA,Wockhardt Limited,Healthcare,Drug Manufacturers - Specialty & Generic,30758.0,Mid Cap
WONDERLA,Wonderla Holidays Limited,Consumer Cyclical,Leisure,3252.0,Small Cap
WORTHPERI,Worth Peripherals Limited,Consumer Cyclical,Packaging & Containers,244.0,Small Cap
WPIL,WPIL Limited,Industrials,Specialty Industrial Machinery,,Unknown
WSI,W.S. Industries (India) Limited,Industrials,Engineering & Construction,463.0,Small Cap
WSTCSTPAPR,West Coast Paper Mills Limited,Basic Materials,Paper & Paper Products,4027.0,Small Cap
XCHANGING,Xchanging Solutions Limited,Technology,Information Technology Services,678.0,Small Cap
XELPMOC,Xelpmoc Design and Tech Limited,Technology,Information Technology Services,124.0,Small Cap
XPROINDIA,Xpro India Limited,Basic Materials,Specialty Chemicals,2782.0,Small Cap
XTGLOBAL,XTGlobal Infotech Limited,Technology,Software - Application,392.0,Small Cap
YASHO,Yasho Industries Limited,Basic Materials,Specialty Chemicals,5094.0,Small Cap
YATHARTH,Yatharth Hospital & Trauma Care Services Limited,Healthcare,Medical Care Facilities,8932.0,Small Cap
YATRA,Yatra Online Limited,Consumer Cyclical,Travel Services,1789.0,Small Cap
YESBANK,Yes Bank Limited,Financial Services,Banks - Regional,70528.0,Large Cap
YUKEN,Yuken India Limited,Industrials,Specialty Industrial Machinery,1282.0,Small Cap
ZAGGLE,Zaggle Prepaid Ocean Services Limited,Technology,Software - Infrastructure,2543.0,Small Cap
ZEEL,Zee Entertainment Enterprises Limited,Communication Services,Broadcasting,10067.0,Small Cap
ZEEMEDIA,Zee Media Corporation Limited,Communication Services,Broadcasting,601.0,Small Cap
ZENITHEXPO,Zenith Exports Limited,Consumer Cyclical,Textile Manufacturing,106.0,Small Cap
ZENITHSTL,Zenith Steel Pipes & Industries Limited,Basic Materials,Steel,77.0,Small Cap
ZENSARTECH,Zensar Technologies Limited,Technology,Information Technology Services,10671.0,Small Cap
ZENTEC,Zen Technologies Limited,Industrials,Aerospace & Defense,16810.0,Mid Cap
ZFCVINDIA,ZF Commercial Vehicle Control Systems India Limited,Consumer Cyclical,Auto Parts,29618.0,Mid Cap
ZFSTEERING,ZF Steering Gear (India) Limited,Consumer Cyclical,Auto Parts,612.0,Small Cap
ZODIAC,Zodiac Energy Limited,,,,Unknown
ZODIACLOTH,Zodiac Clothing Company Limited,Consumer Cyclical,Apparel Manufacturing,203.0,Small Cap
ZOTA,Zota Health Care Limited,Healthcare,Biotechnology,3273.0,Small Cap
ZSARACOM,Saraswati Commercial (India) Limited,Financial Services,Asset Management,,Unknown
ZUARI,Zuari Agro Chemicals Limited,Basic Materials,Agricultural Inputs,979.0,Small Cap
ZUARIIND,Zuari Industries Limited,Industrials,Conglomerates,841.0,Small Cap
ZYDUSLIFE,Zydus Lifesciences Limited,Healthcare,Drug Manufacturers - Specialty & Generic,110643.0,Large Cap
ZYDUSWELL,Zydus Wellness Limited,Consumer Defensive,Packaged Foods,16686.0,Mid Cap
